1,Adler,,Five Early American Tunes for String Orchestra,String,N,N/A,N/A,,Notes:  Scanned:  Issues: not there
2,Adler,,Concertino for String Orchestra,String,4,N/A,N/A,,Notes: (play all) Scanned: Y Issues: not there
3,Daal'Abaco,,"4 Concerti Da Chiesa (nos. 4, 5, 8, 9?)",String,N,N/A,N/A,,"Notes: 1, 2 cont. mvts., Scores Only Scanned: y Issues: "
4,Albinoni,Polnauer,Three Balletti for Strings,String,N,N/A,N/A,,Notes:  Scanned: y Issues: 
5,Anderson,,The Beauty Within/Stormy Night,Other,N,N/A,N/A,,Notes:  Scanned: y Issues: 
6,Anderson,,Suite of Carols,String,N,N/A,N/A,,Notes:  Scanned: y Issues: 
7,Ariosti,Clark,Overture (from Vespasian),String,4,N/A,N/A,,Notes:  Scanned:  Issues: 
8,Atwell,,Drifen,String,4,N/A,N/A,,Notes:  Scanned: y Issues: 
9,Atwell,,Stasis,String,N,N/A,N/A,,Notes:  Scanned: y Issues: 
10,Atwell,,Canon in B Muse,String,N,N/A,N/A,,Notes:  Scanned: y Issues: 
11,Auton,,Folk Songs for Strings (English),String,?,N/A,N/A,,Notes:  Scanned:  Issues: 
12,Bach,,Sinfonia #3 in C,String,1,N/A,N/A,,Notes:  Scanned: y Issues: 
13,Bach,,Sinfonia #5,String,N,N/A,N/A,,Notes:  Scanned:  Issues: 
14,JC Bach,Dackow,Sinfonia in D Major,String,2,N/A,N/A,,Notes: No score Scanned:  Issues: 
15,Bach,,3 London Sinfonias,String,N,N/A,N/A,,Notes:  Scanned:  Issues: 
16,Bach,,Double Concerto,String,1,N/A,N/A,,Notes:  Scanned:  Issues: 
17,Bach,Jasinski,Brandenburg #4 3rd Movement,String,4,N/A,N/A,,Notes: Performed UIL 2011 Scanned:  Issues: 
18,Bach,,Concerto in D Major,Other,3,N/A,Y,,Notes: No Piano Scanned:  Issues: 
19,Bach,Ormandy,Three Choral Preludes,String,5,N/A,N/A,,Notes:  Scanned:  Issues: 
20,Bach,, Brandenburg Concerto #5,String,N,N/A,N/A,,Notes:  Scanned:  Issues: 
21,Bach,Del Borgo,"Jesu, Joy of Man's Desiring",String,N,N/A,N/A,,Notes:  Scanned:  Issues: 
22,Bach,Jasinski,Brandenburg #4 3rd Movement,String,4,N/A,N/A,,Notes:  Scanned:  Issues: 
23,Bach,Leidig,Bach Suite for String Orchestra,String,1 or 2,N/A,N/A,,"Notes: Minuet, March & Gavotte Scanned:  Issues: "
24,Bach,Issac,Concerto #3,String,3,N/A,N/A,,Notes:  Scanned:  Issues: 
25,Bach,,Brandenburg Concerto #3 (Unabridged),String,3,N/A,N/A,,"Notes: No Score
 Scanned:  Issues: "
26,Bach,Grant,Fugue in g minor (organ),String,4,N/A,N/A,,Notes:  Scanned:  Issues: 
27,Bach,,Brandenburg #3,String,N,N/A,N/A,,"Notes: No Parts
 Scanned:  Issues: "
28,Bach,,Passacaglia and Fugue in c minor,String,5,N/A,N/A,,Notes:  Scanned:  Issues: 
29,Bach,Leidig,Brandenburg #3 third movement,String,N,N/A,N/A,,Notes:  Scanned:  Issues: 
30,Bach,Stokowski,Prelude in B minor,String,4,N/A,N/A,,Notes:  Scanned:  Issues: 
31,Badolt,Rickets,Pirates of Caribbean,String,N,N/A,N/A,,Notes:  Scanned:  Issues: 
32,Baker,Monday,For the Star of County Down,String,N,N/A,N/A,,Notes:  Scanned:  Issues: 
33,Barsanti,,Overture op. 4 no. 2,String,5,N/A,N/A,,Notes:  Scanned:  Issues: 
34,Barber,,Adagio for Strings,String,5,N/A,N/A,,Notes:  Scanned:  Issues: 
35,Bartok,Willner,Rumanian Folk Dances,String,5,N/A,N/A,,Notes:  Scanned:  Issues: 
36,Bell,,Rondo Festivo,String,3,N/A,N/A,,Notes:  Scanned:  Issues: 
37,Beethoven,,Two Minuets,String,N,N/A,N/A,,Notes:  Scanned:  Issues: 
38,Beethoven,Hopkin,Symphony #5,String,3,N/A,N/A,,Notes:  Scanned:  Issues: 
39,Bartok,Willner,Rumanian Folk dances,Both,4 or 5,N/A,N/A,,"Notes: 3 mvmts, all mvmts Scanned:  Issues: "
40,Berger,,Suite for strings,String,4,N/A,N/A,,Notes:  Scanned:  Issues: 
41,Berger,,Short overture for strings,String,4,N/A,N/A,,Notes:  Scanned:  Issues: 
42,Biber,,Battalia,String,N,N/A,N/A,,Notes:  Scanned:  Issues: 
43,Bizet,MaCoshin,Carillon from L'Arlesienne Suite #1,String,N,N/A,N/A,,Notes:  Scanned:  Issues: 
44,Bizet,,Adagietto from L'Arlesienne #1,String,4,N/A,N/A,,Notes: arr. Dasch(?) Scanned:  Issues: 
45,Bizet,Centuri,Intermezzo from L'Arlesienne Suite #2,String,N,N/A,N/A,,Notes:  Scanned:  Issues: 
46,Bloch,,"Prayer, from Jewish Life, no. 1",Other,N,N/A,N/A,,Notes:  Scanned:  Issues: 
47,Bloch,,Concerto Grosso,String,5,N/A,N/A,,Notes:  Scanned:  Issues: 
48,Bloch,,Concerto Grosso,Other,5,N/A,N/A,,Notes:  Scanned:  Issues: 
49,Bowen,,8 Masterworks,String,N,N/A,N/A,,Notes:  Scanned:  Issues: 
50,Boyce,,Suite for Strings,String,N,N/A,N/A,,Notes:  Scanned:  Issues: 
51,Boyce,Folus,Symphony #1,String,N,N/A,N/A,,Notes:  Scanned:  Issues: 
52,Brahms,,"Es ist ein ros entsprugen (Low, How a Rose E'er Blooming)",String,N,N/A,N/A,,Notes:  Scanned:  Issues: 
53,Brown,,Christmas Fugue (we wish you a merry christmas),N/A,N,N/A,N/A,,Notes: Holiday Scanned:  Issues: 
54,Burswald,,Dance,String,N,N/A,N/A,,Notes: Solo Vln & String Scanned:  Issues: 
55,Byrd,,thee leavees be greene,Other,,N/A,N/A,,Notes:  Scanned:  Issues: 
56,Casals,,Song of the Birds,Other,N,N/A,N/A,,Notes:  Scanned:  Issues: 
57,Corelli,,Concerto Grosso op. 6 no. 1,N/A,N,N/A,N/A,,Notes:  Scanned:  Issues: 
58,Corelli,Sopkin,La Folia,Both,,N/A,N/A,,Notes:  Scanned:  Issues: 
59,Corelli,Zimmerman,Suite in F,String,N,N/A,N/A,,Notes:  Scanned:  Issues: 
60,Corelli,,Concerto Grosso op. 6 no. 4,String,N,N/A,N/A,,Notes:  Scanned:  Issues: 
61,Copland,,Hoedown from Rodeo,String,5,N/A,N/A,,Notes:  Scanned:  Issues: 
62,Copland,Moss,Old American Folk Songs,String,N,N/A,N/A,,Notes:  Scanned:  Issues: 
63,Corigliano,,Voyage,String,5,N/A,N/A,,Notes:  Scanned:  Issues: 
64,Daniels,,Prelude and dance,String,1,N/A,N/A,,Notes:  Scanned:  Issues: 
65,Creston,,Gregorian Chant,String,5,N/A,N/A,,Notes:  Scanned:  Issues: 
66,Debussy,,Andantino from String Quartet,String,N,N/A,N/A,,Notes: Hard Keys Scanned:  Issues: 
67,Del Borgo,,Dance Scenario,String,2,N/A,N/A,,Notes:  Scanned:  Issues: 
68,Cacauas,,Montage for Strings,String,N,N/A,N/A,,Notes:  Scanned:  Issues: 
69,Del Borgo,,Clog Dance,String,1,N/A,N/A,,Notes:  Scanned:  Issues: 
70,Del Borgo,,Dance Scenario,String,2,N/A,N/A,,Notes:  Scanned:  Issues: 
71,Del Borgo,,Greensleeves Variant,String,N,N/A,N/A,,Notes:  Scanned:  Issues: 
72,Del Borgo,,Petite Overture,String,2,N/A,N/A,,Notes:  Scanned:  Issues: 
73,Del Borgo,,Sonatine,String,1,N/A,N/A,,Notes:  Scanned:  Issues: 
74,Del Borgo,,Korean Folk Song Variants,String,N,N/A,N/A,,Notes:  Scanned:  Issues: 
75,Dello Joio,,Air for strings,String,N,N/A,N/A,,Notes:  Scanned:  Issues: 
76,Dello Joio,,Choreography ,String,5,N/A,N/A,,Notes:  Scanned:  Issues: 
77,Dvorak,,Serenade for strings,String,5,N/A,N/A,,Notes: Performed UIL 2011 Scanned:  Issues: 
78,Dvorak,,Notturano,String,N,N/A,N/A,,Notes:  Scanned:  Issues: 
79,Dvorak,,Two Waltzes ,String,N,N/A,N/A,,Notes:  Scanned:  Issues: 
80,Elfmar,,Selections from Corpse Bride,Both,N,N/A,N/A,,Notes:  Scanned:  Issues: 
81,Elgar,,"Elegy, op. 58",String,N,N/A,N/A,,Notes:  Scanned:  Issues: 
82,Elgar,Bender,Nimrod,String,4,N/A,N/A,,Notes:  Scanned:  Issues: 
83,Elgar,,Pomp and Circumstance,Full,2,N/A,N/A,,Notes:  Scanned:  Issues: 
84,Elgar,,Sospiri op. 70,String,5,N/A,N/A,,Notes:  Scanned:  Issues: 
85,Elgar,,Serenade for strings,N/A,5,N/A,N/A,,Notes:  Scanned:  Issues: 
86,England,,Variations on an english pastoral theme,N/A,N,N/A,N/A,,Notes:  Scanned:  Issues: 
87,Errante,,Songs of early america,N/A,N,N/A,N/A,,Notes:  Scanned:  Issues: 
88,Feese,,Contrasts in e minor,String,3,N/A,N/A,,Notes:  Scanned:  Issues: 
89,Coleman,,Adieu,String,N,N/A,N/A,,Notes:  Scanned:  Issues: 
90,Fishburn,,Celtic Suite,String,2,N/A,N/A,,Notes:  Scanned:  Issues: 
91,Feese,,Colorado Suite,String,2,N/A,N/A,,Notes:  Scanned:  Issues: 
92,Feese,Newport,Festival,String,N,N/A,N/A,,Notes:  Scanned:  Issues: 
93,Fine,,"Riu Riu Chiu, trad 15th c. Spanish Carol",String,3,N/A,N/A,,Notes:  Scanned:  Issues: 
94,Fletcher,,Folk Tune and fiddle dance,String,3 or 4,N/A,N/A,,Notes: No Score - missing 2nd vln Scanned:  Issues: 
95,Fletcher,,Semiquaver Serenade,String,N,N/A,N/A,,Notes:  Scanned:  Issues: 
96,Fletcher,,Serenade for Violas,String,N,N/A,N/A,,Notes:  Scanned:  Issues: 
97,Franck,Holcombre,Panis Angelicus,String,2 or 3,N/A,N/A,,Notes:  Scanned:  Issues: 
98,Frescobaldi,Higgins,Toccata,String,1,N/A,N/A,,Notes:  Scanned:  Issues: 
99,Frost,,Petite Rondo,String,N,N/A,N/A,,Notes:  Scanned:  Issues: 
100,Frost,,Hornpipe,String,2,N/A,N/A,,Notes:  Scanned:  Issues: 
101,Geminiani,,"Concerto Grosso op. 3, #2",N/A,3,N/A,N/A,,Notes:  Scanned:  Issues: 
102,Gershwin,Cerulli,Summertime from Porgy and Bess,String,N,N/A,N/A,,Notes:  Scanned:  Issues: 
103,Grainger,Dackow,Shepherd's Hey,String,N,N/A,N/A,,Notes:  Scanned:  Issues: 
104,Graves,,Passacaglia and fugue,String,N,N/A,N/A,,Notes:  Scanned:  Issues: 
105,Gluck,,Minuet from Orfeo,String,N,N/A,N/A,,Notes:  Scanned:  Issues: 
106,Galuppi,,Concerto in D for 2 flutes/strings,String,N,N/A,N/A,,Notes:  Scanned:  Issues: 
107,Grant,,The Scarlet Sarafan,String,2,N/A,N/A,,Notes:  Scanned:  Issues: 
108,Grainger,,Irish Ture from County Derry,String,N,N/A,N/A,,Notes:  Scanned:  Issues: 
109,Grainger,Dackow,Mock Morris ,String,4,N/A,N/A,,Notes:  Scanned:  Issues: 
110,Grainger,Alshin,Shepherd's Hey,String,3,N/A,N/A,,Notes:  Scanned:  Issues: 
111,Grier,,A Skeleton in the Closet,String,N,N/A,N/A,,Notes: Halloween Scanned:  Issues: 
112,Grieg,,Holberg suite,String,5,N/A,N/A,,Notes:  Scanned:  Issues: 
113,Grieg,Frost,Hall of the mountain king,String,4,N/A,N/A,,Notes:  Scanned:  Issues: 
114,Handel,,Converto Grosso op 6 n.1,N/A,N,N/A,N/A,,Notes:  Scanned:  Issues: 
115,Handel,Fishburn,"Concerto #24, 2 violins and strings",String,N,N/A,N/A,,Notes:  Scanned:  Issues: 
116,Handel,Douglas,Finale from the water Music,Other,N,N/A,N/A,,Notes:  Scanned:  Issues: 
117,Handel,,water music suite,N/A,2 or 3,N/A,N/A,,Notes:  Scanned:  Issues: 
118,Handel,,2 minuets from royal fireworks,String,N,N/A,N/A,,Notes:  Scanned:  Issues: 
119,Hanson,,Rythmic variations on two ancient hymns,String,5,N/A,N/A,,Notes:  Scanned:  Issues: 
120,Hare,,three tunes from shakespeare's England,String,N,N/A,N/A,,Notes:  Scanned:  Issues: 
121,Hart,,Masters in this hall - carol,String,N,N/A,N/A,,Notes:  Scanned:  Issues: 
122,Haydn,Dackow,Syphony #38 in C,String,N,N/A,N/A,,Notes:  Scanned:  Issues: 
123,Haydn,,minuet,String,2 or 3,N/A,N/A,,Notes: depends on arrangement Scanned:  Issues: 
124,Heinechen,,Sinfonia in D,String,3,N/A,N/A,,Notes:  Scanned:  Issues: 
125,Hellem,,Three spanish xmas carols,N/A,N,N/A,N/A,,Notes:  Scanned:  Issues: 
126,Hindemith,,Five pieces for string orch,String,N,N/A,N/A,,Notes:  Scanned:  Issues: 
127,Hofeldt,,Sunward Overture,String,3,N/A,N/A,,Notes:  Scanned:  Issues: 
128,Holst,,Brook green suite,N/A,4,N/A,N/A,,Notes: play mvts 1 & 2 or mvt 3 Scanned:  Issues: 
129,Holst,,A moorside suite,String,4 or 5,N/A,N/A,,Notes:  Scanned:  Issues: 
130,Holst,,St. Paul's suite,String,5,N/A,N/A,,Notes: Performed UIL 2011 & 2015 Scanned:  Issues: 
131,Holst,,St. Paul's suite,N/A,5,N/A,N/A,,Notes:  Scanned:  Issues: 
132,"Hovhaness, A",,Alleluia and Fugue,String,5,N/A,N/A,,Notes: play all Scanned:  Issues: 
133,"Hovhaness, A",,Psalm and fugue op 40a,String,5,N/A,N/A,,Notes:  Scanned:  Issues: 
134,"Ireland, John",,A downland suite,String,5,N/A,N/A,,Notes:  Scanned:  Issues: 
135,"Huws-Jones, E",,Battles and Brawls,Other,N,N/A,N/A,,Notes:  Scanned:  Issues: 
136,"isaac, M.",,early american suite,String,N,N/A,N/A,,Notes:  Scanned:  Issues: 
137,Israel,,dorian variations,String,2,N/A,N/A,,Notes:  Scanned:  Issues: 
138,"Jacob, Gorden",,overture for strings,String,1 or 5,N/A,N/A,,"Notes: 1 for quintet, 5 for orchestra Scanned:  Issues: "
139,"John, Elton",Custer,The Lion King,String,nonUIL,N/A,N/A,,Notes:  Scanned:  Issues: 
140,"Jirovec, V",,"Symphony No.12, 1st Movement",String,N,N/A,N/A,,Notes:  Scanned:  Issues: 
141,"Kerr, Robert",,Irish Aire and Jig,String,N,N/A,N/A,,Notes:  Scanned:  Issues: 
142,"Kirk, Theron",,Hemis Dance,Other,N,N/A,N/A,,Notes:  Scanned:  Issues: 
143,"Kreisler, Fritz",,f,Other,1,N/A,N/A,,Notes:  Scanned:  Issues: 
144,"Kreisler von, Alexander",,Intermezzo/L'Arlesienne,String,N,N/A,N/A,,Notes:  Scanned:  Issues: 
145,"Kreisler von, Alexander",,Ballade,String,N,N/A,N/A,,Notes:  Scanned:  Issues: 
146,"Kerr, Robert",,Fantasy on Amazing Grace,String,4,N/A,N/A,,Notes:  Scanned:  Issues: 
147,"Kirk, Theron",,Latham Suite,String,4,N/A,N/A,,Notes: play finale Scanned:  Issues: 
148,"England, Rick",,Variations on an Eng. Pastoral  Theme,String,N,N/A,N/A,,Notes:  Scanned:  Issues: 
149,Corelli,,Concerto Grosso Op. 6 No. 8 Christmas Concerto,String,N,N/A,N/A,,Notes:  Scanned:  Issues: 
150,"Lehmeier, J.F.",,Spanish Dance,String,N,N/A,N/A,,Notes:  Scanned:  Issues: 
151,Leyden,,Serenade for String Orchestra,String,3,N/A,N/A,,Notes: Performed UIL 2011 Scanned: N Issues: No score
152,Marsh,,A Modal Festival,Other,N,N/A,Y,,Notes:  Scanned: Y Issues: 
153,McLeod,,Galop,Other,N,N/A,Y,,Notes:  Scanned: Y Issues: 
154,Rusticana,,Mascagni Intermezzo,Both,N,N/A,N/A,,Notes:  Scanned: Y Issues: 
155,McLeod,,Fiddle Fiddle Fiddle,String,N,N/A,N/A,,Notes:  Scanned: Y Issues: 
156,MacDermot,,String Jig,String,N,N/A,N/A,,Notes:  Scanned: Y Issues: 
157,McQuilkin,,An English Folksong,String,2,N/A,N/A,,Notes:  Scanned: Y Issues: 
158,Mendelssohn,,Praeludium,String,N,N/A,N/A,,Notes:  Scanned: Y Issues: 
159,Mendelssohn,,Canzonetta,String,N,N/A,N/A,,Notes:  Scanned: Y Issues: 
160,Mendelssohn,,An Italian Elegy,String,N,N/A,N/A,,Notes:  Scanned: Y Issues: 
161,Mozart,,Divertimento in C Major,String,5,N/A,N/A,,Notes: mvts 1 or mvts 2& 3 Scanned:  Issues: 
162,Mozart,,BalletMusic to Les Petits Riens,String,3,N/A,N/A,,Notes:  Scanned: Y Issues: 
163,Mozart,,Sinfonietta in D Major,String,4,N/A,N/A,,Notes: Boing Scanned: Y Issues: 
164,Mozart,Dackow,Symphony No.10 in G Major,String,N,N/A,N/A,,Notes:  Scanned: Y Issues: 
165,Mozart,Dackow,Symphony No. 39/Menuetto,String,N,N/A,N/A,,Notes:  Scanned: Y Issues: 
166,Mozart,,"Symphony No. 16 in C Major, K.128",String,N,N/A,N/A,,Notes:  Scanned: Y Issues: 
166,Mozart,,Sympnony No. 1 in Eb Major,Full,0,N/A,N/A,,Notes: Score Only Scanned:  Issues: 
167,Mozart,Dacow,Symphony No. 15 in G major: Finale,String,3,N/A,N/A,,Notes:  Scanned:  Issues: 
168,Mozart,,Concerto in C,Other,N,N/A,Y,,Notes: Score only Scanned:  Issues: 
169,Mozart,,March of the Priests from The Magic Flute,String,N,N/A,N/A,,Notes:  Scanned:  Issues: 
170,Mosier,,Overture to the Wind,String,5,N/A,N/A,,Notes:  Scanned:  Issues: 
171,Mussorgsky,,Pictures at an Exhibition,Other,4,N/A,Y,,Notes:  Scanned:  Issues: 
172,Nelhybel,,Danza,String,3,N/A,N/A,,Notes:  Scanned:  Issues: 
173,Niehaus,,Hillcrest Overture,String,3,N/A,N/A,,Notes:  Scanned:  Issues: 
174,Niehaus,,Fanflairs,String,N,N/A,N/A,,Notes:  Scanned:  Issues: 
175,O'Donnell,Savatori,Themes from Halo 3/ Luck & Finish the Fight,Other,N,N/A,N/A,,Notes:  Scanned:  Issues: 
176,O'Fallon,,Legend,String,3,N/A,N/A,,Notes:  Scanned:  Issues: 
177,Olah,,Appalachian Lament,String,N,N/A,N/A,,Notes:  Scanned:  Issues: 
178,Pachelbel,,Canon for Strings,String,N,N/A,N/A,,Notes:  Scanned:  Issues: 
179,Persichetti,,Introit for Strings,String,5,N/A,N/A,,Notes: Score only Scanned:  Issues: 
180,Prokofiev,,Suite for Strings,String,3,N/A,N/A,,Notes:  Scanned:  Issues: 
181,Purcell,,Chacony in G Minor,String,4,N/A,N/A,,Notes:  Scanned:  Issues: 
182,Pierne,,Serenade for Strings,N/A,N,N/A,N/A,,Notes:  Scanned:  Issues: 
183,Puccini,,Chrisanthemum,String,N,N/A,N/A,,Notes:  Scanned:  Issues: 
184,Purcell,,Voluntary and March,Other,N,N/A,N/A,,Notes:  Scanned:  Issues: 
185,Purcell,,Sonata No. 9/ Golden Sonata,String,5,N/A,N/A,,Notes: No Score - missing 2nd vln Scanned:  Issues: 
186,Rachmaninov,,Russian Polka,String,N,N/A,N/A,,Notes:  Scanned:  Issues: 
187,Rameau,,Castor et Pollux Overture,String,N,N/A,N/A,,Notes:  Scanned:  Issues: 
188,"Rachmaninov, Sergey",,Romanze and Scherzo,String,non IUL,N/A,N/A,,Notes:  Scanned:  Issues: 
189,"Rachmaninov, Sergey",,Eighteenth Variation,Other,N,N/A,Y,,Notes:  Scanned:  Issues: 
190,"Ravel, Maurice",,The Enchanted Garden from Mother Goose Suite,String,3.5,N/A,N/A,,Notes:  Scanned:  Issues: 
191,"Ravel, Maurice",,Pavane,String,4+,N/A,N/A,,Notes:  Scanned:  Issues: 
192,"Richardson, Darrell",,Elegy,String,N,N/A,N/A,,Notes:  Scanned:  Issues: 
193,"Rawsthrone, Alan",,Light Music for Strings/ Catalan Tunes,String,4,N/A,N/A,,Notes:  Scanned:  Issues: 
194,Rimsky-Korsakoff,,Capriccio Espagnol,String,3 or 4,N/A,N/A,,Notes:  Scanned:  Issues: 
195,"Rhoads, William",,Les Folies D'Espangne,String,N,N/A,N/A,,Notes:  Scanned:  Issues: 
196,"Ree, Alfred",,Titania's Nocturne,String,N,N/A,N/A,,Notes:  Scanned:  Issues: 
197,"Reger, Max",,Christmas Op. 145 No. 3,String,N,N/A,N/A,,Notes:  Scanned:  Issues: 
198,Rimsky-Korsakoff,,The Young Prince & Princess,String,3,N/A,N/A,,Notes:  Scanned:  Issues: 
199,Rossini,McLeod,William Tell Overture,String,N,N/A,N/A,,Notes: Good Scanned:  Issues: 
200,Rossini,Wright,Sonata No. 1,String,5,N/A,N/A,,Notes: play mvt 1 or 3 Scanned:  Issues: 
201,Schubert,Clebanoff,Sonata No. 1 Opus 137,String,N,N/A,N/A,,Notes:  Scanned:  Issues: 
202,"Schubert, Franz",,Overture uin C Minor,String,N,N/A,N/A,,Notes:  Scanned:  Issues: 
203,"Sharp, Tom",,"Still, Still, Still",String,N,N/A,N/A,,Notes:  Scanned:  Issues: 
204,Rimsky-Korsakoff,,Dance of the Tumblers,String,2,N/A,N/A,,Notes:  Scanned:  Issues: 
205,Schubert,Frost,Schubert Dance Suite,String,2,N/A,N/A,,Notes: Play Mvt. 1 or 3 Scanned:  Issues: 
206,"Siennicki, Edmund",,Chorale and Fugue,String,N,N/A,N/A,,Notes:  Scanned:  Issues: 
207,"Siennicki, Edmund",,Stringin' the Blues,String,N,N/A,N/A,,Notes:  Scanned:  Issues: 
208,Smetana,Frost,Themes From the Moldau,String,2.5-3,N/A,N/A,,Notes:  Scanned:  Issues: 
209,"Sontag, Wesley",,Folk Song Set,String,N,N/A,N/A,,Notes:  Scanned:  Issues: 
210,"Shapiro, Marsha",,Folk Songs of the British Isles,String,1,N/A,N/A,,Notes: Sightreading Scanned:  Issues: 
211,"Sheinberg, Art",,Festival March,String,N,N/A,N/A,,Notes: Sightreading Scanned:  Issues: 
212,"Shaffer, David",,Westminster Prelude and Fugue,String,2,N/A,N/A,,Notes:  Scanned:  Issues: 
213,Satie,Klotman,Gymnopedies,Other,3,N/A,Y,,Notes: Need piano part Scanned:  Issues: 
214,"Smith, Robert",,Variant on an Old English Carol,String,N,N/A,N/A,,Notes:  Scanned:  Issues: 
215,Sousa,Zinn,The Washington Post,String,N,N/A,N/A,,Notes:  Scanned:  Issues: 
216,Doug,,Gargoyles,String,N,N/A,N/A,,Notes:  Scanned:  Issues: 
217,Stamitz,,"Symphony, Op 4, No. 2 Christmas Symphony (Pastorelle for string only)",String,N,N/A,N/A,,Notes:  Scanned:  Issues: 
218,Stephan,,When Johnny Comes Marching Home,String,3,N/A,N/A,,Notes:  Scanned:  Issues: 
219,Stephan,,Vanguard Overature,N/A,N,N/A,N/A,,Notes:  Scanned:  Issues: 
220,Richard Stephan,,Fantasia on a 17th centry Tune (Picardy),N/A,4,N/A,N/A,,Notes:  Scanned:  Issues: 
221,M. Shapiro,,Variations on a Ground,String,1,N/A,N/A,,Notes:  Scanned:  Issues: 
222,Stephan,,Variations on a Well-Known Sea Chantey,String,3,N/A,N/A,,Notes:  Scanned:  Issues: 
223,"Strauss, J",,Pizzicato Polka,String,N,N/A,N/A,,Notes:  Scanned:  Issues: 
224,"Strauss, J",,Pizzicato Polka,String,N,N/A,N/A,,Notes:  Scanned:  Issues: 
225,Tartini,Mosier,Sonata in D Major,N/A,3 or 4,N/A,N/A,,"Notes: 4 play all, 3 mvt 1 Scanned:  Issues: "
226,Tchaikovsky,,"Chanson Triste Op 40, #2",String,N,N/A,N/A,,Notes:  Scanned:  Issues: 
227,Tchaikovsky,,Largo + Allegro,Other,N,N/A,N/A,,Notes:  Scanned:  Issues: 
228,Sally Kirk,,Wonder of Life,String,N,N/A,N/A,,Notes: Piano/Harp + Drumset Scanned:  Issues: 
229,Tchaikovsky,,Sleeping Beauty Waltz,String,N,N/A,N/A,,Notes:  Scanned:  Issues: 
230,Tchaikovsky,,Children's Album,String,N,N/A,N/A,,Notes:  Scanned:  Issues: 
231,Tchaikovsky,,Jewel Dances from Sleeping Beauty,Other,N,N/A,N/A,,Notes:  Scanned:  Issues: 
232,Tchaikovsky,,Serenade for Strings in C Major,String,N,N/A,N/A,,"Notes: 2 Folders w/ scores, originals Scanned:  Issues: "
233,Tchaikovsky,,Sleeping Beauty Waltz,String,N,N/A,N/A,,Notes:  Scanned:  Issues: 
234,Tchaikovsky,,Pantomine,String,N,N/A,N/A,,Notes:  Scanned:  Issues: 
235,Tchaikovsky,,Suite from the Nutcracker,String,N,N/A,N/A,,Notes:  Scanned:  Issues: 
236,Tchaikovsky,,Three Dances from the Nutcracker,String,N,N/A,N/A,,Notes:  Scanned:  Issues: 
237,Tchaikovsky,,Pantomine from Nutcracker,String,N,N/A,N/A,,Notes:  Scanned:  Issues: 
238,Tchaikovsky,,Mother Ginger from Nutcracker,String,N,N/A,N/A,,Notes:  Scanned:  Issues: 
239,Tchaikovsky,,Trepak/Nutcracker,String,2,N/A,N/A,,Notes:  Scanned:  Issues: 
240,Vivaldi,,Concerto for Violin in A Minor ep. 3,String,N,N/A,N/A,,Notes:  Scanned:  Issues: 
241,Telemann,,Die Wassermusik cov. In C,Other,N,N/A,N/A,,Notes:  Scanned:  Issues: 
242,Telemann,,Concerto in D (mvmt I),String,5,N/A,N/A,,Notes: play 3 movements Scanned:  Issues: 
243,Telemann,,Concerto Polonois,String,4,N/A,N/A,,Notes: play movement 1 and 2 or 2 and 3 Scanned:  Issues: 
244,Telemann,,Vivace - Concerto in G for 4 violins,String,N,N/A,N/A,,Notes:  Scanned:  Issues: 
245,Traditional Folk,,Devil's Dream,String,N,N/A,N/A,,Notes:  Scanned:  Issues: 
246,Urmatsu,,Waltz for the Moon from Final Fantasy,Other,N,N/A,N/A,,Notes:  Scanned:  Issues: 
247,Vaughan Williams,,Concerto Grosso,Other,5,N/A,N/A,,Notes: play 2 mvts Scanned:  Issues: 
248,Vaughan Williams,,Fantasia on a Theme by Thomas Tallis,Other,5,N/A,N/A,,Notes:  Scanned:  Issues: 
249,Vaughan Williams,,Five Variants of Dives and Lazarus,Other,5,N/A,N/A,,Notes:  Scanned:  Issues: 
250,Villa-lobos,,Bachianas Brasileiras No. 5 aria,String,5,N/A,N/A,,Notes:  Scanned:  Issues: 
251,Vitali,Respigki,Ciaconna,Both,N,N/A,N/A,,Notes:  Scanned:  Issues: 
252,Vivaldi,,Sonata Da Camera in E Minor,String,3 or 4,N/A,N/A,,Notes: play 1 mvmt grade 3) or 2 (grade 4) Scanned:  Issues: 
253,Vivaldi,,Concerto for 4 Violins + Orch in B Minor,String,N,N/A,N/A,,Notes:  Scanned:  Issues: 
254,Vivaldi,,Concerto for 4 Violins in B Minor,String,N,N/A,N/A,,Notes:  Scanned:  Issues: 
255,Vivaldi,,Gloria ,Both,3?,N/A,N/A,,Notes:  Scanned:  Issues: 
256,Vivaldi,,Concerto in G Minor for 2 cellos + strings,String,N,N/A,N/A,,Notes:  Scanned:  Issues: 
257,Vivaldi,,Concerto in D Minor Op No 11,N/A,4,N/A,N/A,,Notes:  Scanned:  Issues: 
258,Vivaldi,,L'Estoro Armonies Op 3 #10,N/A,N,N/A,N/A,,Notes:  Scanned:  Issues: 
259,Vivaldi,,Spring from the Seasons,String,3,N/A,N/A,,Notes:  Scanned:  Issues: 
260,Vivaldi,,Autumn from the Seasons,String,3,N/A,N/A,,Notes:  Scanned:  Issues: 
261,Vivaldi,,Summer from the Seasons,String,N,N/A,N/A,,Notes:  Scanned:  Issues: 
262,Vivaldi,,The Four Seasons,String,N,N/A,N/A,,Notes:  Scanned:  Issues: 
263,Vivaldi,,Concerto in D from the Guitar Concerto,String,N,N/A,N/A,,Notes:  Scanned:  Issues: 
264,Vivaldi,,Concerto for 4 Violins in B minor,String,N,N/A,N/A,,Notes:  Scanned:  Issues: 
265,Vivaldi,,Autumn,String,3,N/A,N/A,,Notes:  Scanned:  Issues: 
266,Vivaldi,Wright,Concerto in D for 2 Violins,String,4,N/A,N/A,,Notes:  Scanned:  Issues: 
267,Vivaldi,Hyws Jones,Scenes from The Four Seasons,String,non IUL,N/A,N/A,,Notes:  Scanned:  Issues: 
268,"Warlock, Peter",,6 Italian Dances (of the Renaissance),String,N,N/A,N/A,,Notes:  Scanned:  Issues: 
269,"Warlock, Peter",,Serenade for Strings,String,N,N/A,N/A,,Notes:  Scanned:  Issues: 
270,"Wagner, Douglas",,A Quiet Music,String,3,N/A,N/A,,Notes: Performed UIL 2012 and Carnegie Hall Scanned:  Issues: 
271,Wagner,Arr. Dackow,Entrance and March from Tannhauser,String,4,N/A,N/A,,Notes: Performed UIL 2012 Scanned:  Issues: 
272,"Warlock, Peter",,Capriol Suite,String,4,N/A,N/A,,Notes: Performed UIL 2011 Scanned:  Issues: 
273,"Washburn, Robert",,Suite for Strings,String,3 - play 2 mvts,N/A,N/A,,Notes:  Scanned:  Issues: 
274,Williams,Custer,Theme from Schindler's List,String,N,N/A,N/A,,Notes:  Scanned:  Issues: 
275,"Williams, Mark",,Dorian Variations,String,2,N/A,N/A,,Notes:  Scanned:  Issues: 
276,"Whear, Paul",,Preludio,String,4,N/A,N/A,,Notes:  Scanned:  Issues: 
277,Wieloszynski,,Beginning Bluegrass,String,N,N/A,N/A,,Notes:  Scanned:  Issues: 
278,Williams,Higgins,Theme from Schindler's List,String,N,N/A,N/A,,Notes:  Scanned:  Issues: 
279,"Wolf-Ferrari, E",,Serenade for Strings,String,5,N/A,N/A,,Notes: (Mvmt 4 only for UIL Scanned:  Issues: 
280,Zinn,,String Quartet Fiddle Tunes - Six Bluegrass Hits,String,N,N/A,N/A,,Notes:  Scanned:  Issues: 
281,Vivaldi,,Concertino in d for 2 Violins and Cello,String,N,N/A,N/A,,Notes:  Scanned:  Issues: 
282,"Whear, Paul",,Concertino for Strings,String,N,N/A,N/A,,Notes:  Scanned:  Issues: 
283,Anderson,,Sandpaper Ballet,String,N,N/A,N/A,,Notes:  Scanned:  Issues: 
284,Korean Folk Song, Arr. Bauerschmidt,Arirang,Full,N,N/A,N/A,,Notes:  Scanned:  Issues: 
285,Bach,Roberts,Joy of Man's Desiring,Full,4,N/A,N/A,,Notes:  Scanned:  Issues: 
286,"Bach, JC",,Sinfonia in B Flat,Full,N,N/A,N/A,,Notes:  Scanned:  Issues: 
287,Bach,,Fugue in G minor (the Little) Wind Arrangement,Full,5,N/A,N/A,,Notes:  Scanned:  Issues: 
288,Bach,Cailliet,Sheep May Safely Graze,Full,5,N/A,N/A,,Notes:  Scanned:  Issues: 
289,Bach,Isaac,Brandenburg Sinfonia,Full,N,N/A,N/A,,Notes:  Scanned:  Issues: 
290,Bach,Ormandy,Wachet Auf!,String,N,N/A,N/A,,Notes: 5 for full orchestra Scanned:  Issues: 
291,Samuel Barber,,Under the Willow Tree,Full,N,N/A,N/A,,Notes:  Scanned:  Issues: 
292,Bartok,,Rumanian Folk Dances,String,4 or 5,N/A,N/A,,"Notes: 3 mvts, all mvts Scanned:  Issues: "
293,Bartok,Serly,Bartok Suite,Full,"1, 2 or 3",N/A,N/A,,Notes: No Score Scanned:  Issues: 
294,Beethoven,Woodhouse,Finale Symphony #5,Full,3,N/A,N/A,,Notes:  Scanned:  Issues: 
295,Beethoven,,Symphony #5 in C minor,String,N,N/A,N/A,,Notes:  Scanned:  Issues: 
296,Beethoven,,Egmont Overture,String,N,N/A,N/A,,Notes:  Scanned:  Issues: 
297,Beethoven,,5th Symphony,String,3 - finale,N/A,N/A,,Notes:  Scanned:  Issues: 
298,Beethoven,,Symphony #7,String,N,N/A,N/A,,Notes:  Scanned:  Issues: 
299,Bergsma,,Paul Bunyan Suite,Full,N,N/A,N/A,,Notes:  Scanned:  Issues: 
300,Berlioz,Leidig,March to the Scaffold,Full,3 or 4,N/A,N/A,,Notes:  Scanned:  Issues: 
301,Hector Berlioz,,Marche Hongroise,Full,N,N/A,N/A,,Notes:  Scanned:  Issues: 
302,Bizet,,Carmen Suite #1,Full,3 or 5,N/A,N/A,,Notes:  Scanned:  Issues: 
303,Bizet,,Carmen Suite #1,Full,3 or 5,N/A,N/A,,Notes: Scores Only Scanned:  Issues: 
304,Bizet,,Carmen Suite #1,Full,3 or 5,N/A,N/A,,Notes: Incl. Soprano Sax Scanned:  Issues: 
305,Bizet,,Carmen Suite #1,Full,3 or 5,N/A,N/A,,Notes: Original Parts Scanned:  Issues: 
306,Boccherini,,"Symphony in D, op. 16, #2",Both,5,N/A,N/A,,Notes: play all Scanned:  Issues: 
307,Borodin,,Dances From Prince Igor,Full,N,N/A,N/A,,Notes:  Scanned:  Issues: 
308,Brahms,,Academic Festival Overture,Full,5,N/A,N/A,,Notes:  Scanned:  Issues: 
309,Britten,,Simple Symphony,String,5,N/A,N/A,,Notes: Play 1 mvt. Scanned:  Issues: 
310,Britten,Stone,Five Courtly Dances From Gloria,Full,N,N/A,N/A,,Notes:  Scanned:  Issues: 
311,Britten,,Matinees Musicales,N/A,5,N/A,N/A,,Notes: Play 1 Scanned:  Issues: 
312,Bullock,,Variants,Full,N,N/A,N/A,,Notes: VERY incomplete parts Scanned:  Issues: 
313,R. K. Clark,,"Overture, Prayer, & Dance",Full,N,N/A,N/A,,Notes:  Scanned:  Issues: 
314,Copland,,Outdoor Overture,Full,4,N/A,N/A,,Notes:  Scanned:  Issues: 
315,Copland,,"Waltz, From Billy the Kid",Full,N,N/A,N/A,,Notes:  Scanned:  Issues: 
316,Copland,,Down a Country Lane,Full,N,N/A,N/A,,Notes:  Scanned:  Issues: 
317,Copland,,John Henry,Full,4,N/A,N/A,,Notes:  Scanned:  Issues: 
318,Couperin,Milhaud,Overture & Allegro from La Sultane Suite,Full,5,N/A,N/A,,Notes:  Scanned:  Issues: 
319,Paul Creston,,Night in Mexico,Full,5,N/A,N/A,,Notes:  Scanned:  Issues: 
320,M. L. Daniels,,Hunter's Song & Jig,Full,N,N/A,N/A,,Notes:  Scanned:  Issues: 
321,Del Borgo,,Chant and Joyous Dance,Full,3,N/A,N/A,,Notes:  Scanned:  Issues: 
322,Del Borgo,,Australian Suite,Full,N,N/A,N/A,,Notes:  Scanned:  Issues: 
323,Frederick Delius,,The Walk to the Paradise Garden,Full,N,N/A,N/A,,Notes:  Scanned:  Issues: 
324,Frederick Delius,,Summer Evening,Full,N,N/A,N/A,,Notes:  Scanned:  Issues: 
325,L. Delibes,,March and Procession of Bacchus,String,N,N/A,N/A,,Notes:  Scanned:  Issues: 
326,Dvorak,,Symphony #4,Other,N,N/A,N/A,,Notes:  Scanned:  Issues: 
327,Dvorak,Leidig,Dvorak's 9th Symphony New World op 95 Mvt I ,Full,N,N/A,N/A,,Notes:  Scanned:  Issues: 
328,Oscar Fox,Goltz,My Heart is a Silent Violin,Full,N,N/A,N/A,,Notes:  Scanned:  Issues: 
329,C. Franck,,Symphony in D Minor,Full,5,N/A,N/A,,Notes: Play 1 Scanned:  Issues: 
330,G. Frescobaldi,,Toccata,Full,5,N/A,N/A,,Notes:  Scanned:  Issues: 
331,Gershwin,,I Got Rhythm Variations,Other,N,N/A,Y,,Notes:  Scanned:  Issues: 
332,Gershwin,,George Gershwin in Concert,Full,N,N/A,N/A,,Notes:  Scanned:  Issues: 
333,V. Giannini,,Symphony #2,Full,N,N/A,N/A,,Notes:  Scanned:  Issues: 
334,Reinhold Gli√®re,,Russian Sailor's Dance from The Red Poppy,String,N,N/A,N/A,,Notes:  Scanned:  Issues: 
335,M. I. Glinka ,,Russlan and Ludmilla Overture,Full,5,N/A,N/A,,Notes:  Scanned:  Issues: 
336,M. I. Glinka ,,Russlan and Ludmilla Overture,Full,5,N/A,N/A,,Notes: Scores Scanned:  Issues: 
337,C. W. von Gluck,,Air de Ballet,Full,1,N/A,N/A,,Notes:  Scanned:  Issues: 
338,C. W. von Gluck,,Overture to the Ballet Don Juan,String,N,N/A,N/A,,Notes:  Scanned:  Issues: 
339,C. W. von Gluck,,Iphigenia in Aulis,String,3,N/A,N/A,,Notes: 3 - full orchestra Scanned:  Issues: 
340,Morton Gould,,Guaracha,String,5,N/A,N/A,,Notes: 5 - full orchestra Scanned:  Issues: 
341,Gounod,Walter,Waltz from Faust,Full,N,N/A,N/A,,Notes:  Scanned:  Issues: 
342,Percy Grainger,,Irish Tune from Country Derry,Full,non IUL,N/A,N/A,,Notes:  Scanned:  Issues: 
343,J. G. Groun,Barnes,Frederick the Great Overture,Full,4,N/A,N/A,,Notes:  Scanned:  Issues: 
344,Grieg,Wilson,Heart Wounds,Full,5,N/A,N/A,,Notes: play all Scanned:  Issues: 
345,Grieg,Stone,Two Lyric Pieces,Full,3,N/A,N/A,,Notes:  Scanned:  Issues: 
346,Grofe,,Grand Canyon Suite,String,5,N/A,N/A,,Notes: Score Scanned:  Issues: 
347,Grofe,,Grand Canyon Suite,String,5,N/A,N/A,,Notes: Parts Scanned:  Issues: 
348,Handel,Gordon,Firework Music,Full,1,N/A,N/A,,Notes:  Scanned:  Issues: 
349,Handel,Johnson,Music for the Royal Fireworks Overture,Full,5,N/A,N/A,,Notes:  Scanned:  Issues: 
350,Handel,Ormandy,Concerto in D (Fireworks Overture),Full,N,N/A,N/A,,Notes:  Scanned:  Issues: 
351,G. F. Handel,,The Faithful Shepherd,Full,4 or 5,N/A,N/A,,Notes:  Scanned:  Issues: 
352,Handel,Kinder,Prelude & Fugue in D Minor,Full,N,N/A,N/A,,Notes:  Scanned:  Issues: 
353,Handel,,Concerto for Orchestra in D Major,Full,4,N/A,N/A,,Notes: Kealing Scanned:  Issues: 
354,Haydn,,Symphony #104,Full,N,N/A,N/A,,Notes:  Scanned:  Issues: 
355,Haydn,Popper,Cello Concerto in C,Full,N,N/A,N/A,,Notes:  Scanned:  Issues: 
356,L. J. F. Herold,,Zampa Overtures,Full,N,N/A,N/A,,Notes:  Scanned:  Issues: 
357,Q. Hillard,,Chorales,Both,N,N/A,N/A,,Notes: Beg-Int. Scanned:  Issues: 
358,Hofeldt,,Song of the Prairy,Full,4,N/A,N/A,,Notes:  Scanned:  Issues: 
359,Holst,,"Jupiter, from The Planets",String,1,N/A,N/A,,Notes: Scores & string parts Scanned:  Issues: 
360,Holst,,"Jupiter, from The Planets",Full,1,N/A,N/A,,Notes:  Scanned:  Issues: 
361,Holst,Leidig,Jupiter - Bringer of Jollity from The Planets,Full,1,N/A,N/A,,Notes:  Scanned:  Issues: 
362,Holst,,Planets,String,1,N/A,N/A,,Notes: mini scores Scanned:  Issues: 
363,Michael M. Horvit,,Toccatina,Full,4,N/A,N/A,,Notes:  Scanned:  Issues: 
364,Ippolitov-Ilanov,Isaac,Procession of the Sardar,Full,4,N/A,N/A,,Notes:  Scanned:  Issues: 
365,M. Issac,,Cavalier Overture,Full,N,N/A,N/A,,Notes:  Scanned:  Issues: 
366,M. Issac,,Cavalier Overture,Full,N,N/A,N/A,,Notes:  Scanned:  Issues: 
367,M. Issac,,Overture Russe,Full,2,N/A,N/A,,Notes:  Scanned:  Issues: 
368,Kabalevsky,,Colas Breugnon Overture,Full,5,N/A,N/A,,Notes: No score Scanned:  Issues: 
369,Kabalevsky,,The Comedians,Full,5,N/A,N/A,,"Notes: 1 of 3 Scores, winds brass, perc Scanned:  Issues: "
370,Kabalevsky,,The Comedians,Full,5,N/A,N/A,,Notes: 2 of 3 Violins (7-7) Scanned:  Issues: 
371,Kabalevsky,,The Comedians,Full,5,N/A,N/A,,"Notes: 3 of 3 Violias, Cello, Bass Scanned:  Issues: "
372,"Johnson, Robert G",,Cortege,Full,N,N/A,N/A,,Notes:  Scanned:  Issues: 
373,"Leckrone, Michael",,Harlequinette,Full,N,N/A,N/A,,Notes:  Scanned:  Issues: 
374,Lehmeieir,,Spanish Dance,Other,N,N/A,N/A,,Notes:  Scanned:  Issues: 
375,Matesky,,Choreo Primo,Full,4 or 5,N/A,N/A,,Notes:  Scanned:  Issues: 
376,Matesky,,Variations on Famous Theme by Paganini,Full,N,N/A,N/A,,Notes:  Scanned:  Issues: 
377,Mendelssohn,,Fingals Cave,Full,N,N/A,N/A,,Notes:  Scanned:  Issues: 
378,Mendelssohn,Leidig,Reformation Symphony (Mvt. IV),Full,1,N/A,N/A,,Notes:  Scanned:  Issues: 
379,Mendelssohn,,Symphony #4,Other,N,N/A,N/A,,Notes:  Scanned:  Issues: 
380,Mendelssohn,,Symphony #4,Other,N,N/A,N/A,,Notes: Scores Scanned:  Issues: 
381,Montgomery,Smith,Angels from the Realms of Glory,Full,N,N/A,N/A,,Notes:  Scanned:  Issues: 
382,Moussorgsky,Sopkin,A Night on Bald Mountain,Full,5,N/A,N/A,,Notes:  Scanned:  Issues: 
383,Moussorgsky,Simpson,Pictures at an Exhibition - Part I,Full,N,N/A,N/A,,Notes:  Scanned:  Issues: 
384,Moussorgsky,Simpson,Pictures at an Exhibition - Part II,Full,N,N/A,N/A,,Notes:  Scanned:  Issues: 
385,Moussorgsky,,The Great Gate of Kiev,Full,4,N/A,N/A,,Notes: Easy Scanned:  Issues: 
386,Muczynski,,Dovetail Overture,Full,5,N/A,N/A,,Notes:  Scanned:  Issues: 
387,Mlynarski,,Mazurka,Full,4,N/A,N/A,,Notes:  Scanned:  Issues: 
388,Nelson,,Jubilee,Full,5,N/A,N/A,,Notes: Copied Parts Scanned:  Issues: 
389,"Rodrigo, J",,Concertino,String,N,N/A,N/A,,Notes: Violin and String Orch Scanned:  Issues: 
390,Ruhn,,16th & 17th Century Dance Tunes & Airs,String,N,N/A,N/A,,Notes:  Scanned:  Issues: 
391,Bowen,,Eight Masterworks/LeCloir/Teleman/Moffat/Tartini/Gluck/Mozart/Haydn/Francoeur,String,N,N/A,N/A,,Notes: Quartet/Octet/String Orch Scanned:  Issues: 
392,Gounded,McLeod,Funeral March of A Marionette,String,N,N/A,N/A,,Notes:  Scanned:  Issues: 
393,Bach,,Overture in Eight Parts (op. 3 Sinfonias),String,N,N/A,N/A,,"Notes: No Cello/Bass Parts, Scores Scanned:  Issues: "
394,Stamitz,Greem,Sinfonia in D,String,3,N/A,N/A,,Notes: play mvt 1 Scanned:  Issues: 
395,Richard Lane,,Passacaglia,String,3,N/A,N/A,,Notes:  Scanned:  Issues: 
396,C. Norton,,Airs & Graces,String,N,N/A,N/A,,Notes:  Scanned:  Issues: 
397,Lawrenie Weiner,,Elegy,String,5,N/A,N/A,,Notes:  Scanned:  Issues: 
398,G. Verdi,,Symphony for Strings,String,N,N/A,N/A,,Notes:  Scanned:  Issues: 
399,Bach,Issac,Brandenburg #3,String,3,N/A,N/A,,Notes: Mvt 1 & 2 Scanned:  Issues: 
400,Mozart,Winter,Lucio Silla Overture,Full,N,N/A,N/A,,Notes:  Scanned:  Issues: 
401,Mozart,Gordon,Menuetto from Symph No. 25 in g minor,Full,N,N/A,N/A,,Notes:  Scanned:  Issues: 
402,Mozart,Winter,Magic Flute Overture,Full,N,N/A,N/A,,Notes:  Scanned:  Issues: 
403,Mozart,,Concerto No. 3 in G major,Full,0,N/A,N/A,,Notes: parts only Scanned:  Issues: 
404,Mozart,Gordon,Ceremonial March,Both,N,N/A,N/A,,Notes:  Scanned:  Issues: 
405,Mozart,Forbes,Mozart in Miniature,String,N,N/A,N/A,,Notes:  Scanned:  Issues: 
406,Mozart,Moses,Symphony no. 40 in g minor,Full,4,N/A,N/A,,"Notes: (Shawnee, 10 Masterworks) Scanned:  Issues: "
407,Mozart,,Divertimento No. 17,Full,N,N/A,N/A,,Notes: Strings and Horns Scanned:  Issues: 
408,Offenbach,Wersen,Orpheus in the Underworld Overture,Full,5,N/A,N/A,,Notes:  Scanned:  Issues: 
409,"Ovanin, Nikola",,Hatikvah,Full,3,N/A,N/A,,Notes:  Scanned:  Issues: 
410,Pachelbel,Gordon,Pachelbel's Canon,Full,N,N/A,N/A,,Notes:  Scanned:  Issues: 
411,"Presser, William",,Arctic Night,Full,2,N/A,N/A,,Notes:  Scanned:  Issues: 
412,Prokofiev,,Lieutenant Kije,Full,5,N/A,N/A,,Notes: Copied Parts Scanned:  Issues: 
413,Offenbach,Schone,Can-Can,Full,1,N/A,N/A,,Notes:  Scanned:  Issues: 
414,"Power, H",,The Home-Owner's Guide to Making Music,Full,N,N/A,N/A,,Notes:  Scanned:  Issues: 
415,Prokofiev,Siennicki,Montagues and Capulets from Romeo and Juliet,Full,5,N/A,N/A,,Notes: Loaned to Akins Scanned:  Issues: 
416,Prokofiev,Isaac,The Wedding of Lt. Kije,Full,4,N/A,N/A,,Notes:  Scanned:  Issues: 
417,Prokofiev,Isaac,Troika,Full,4,N/A,N/A,,Notes:  Scanned:  Issues: 
418,Purcell,Barbirelli,Chaconne in g minor,Full,N,N/A,N/A,,Notes:  Scanned:  Issues: 
419,"Ravel, Maurice",,Pavane,Full,5,N/A,N/A,,Notes:  Scanned:  Issues: 
420,Respighi,,Ancient Ayres and Dances,Full,5,N/A,N/A,,Notes: Three Scores only Scanned:  Issues: 
421,Rimsky-Korsakoff,Isaac,Procession of the Nobles,Full,5,N/A,N/A,,Notes: Scores and Copied Parts Scanned:  Issues: 
422,Rimsky-Korsakoff,Isaac,Procession of the Nobles,Full,5,N/A,N/A,,Notes:  Scanned:  Issues: 
423,"Reed, Alfred",,Testament of an American,Both,N,N/A,N/A,,Notes: Patriotic Scanned:  Issues: 
424,"Rust, F.R.",,Peter Schlemihl Overture,Full,N,N/A,N/A,,Notes:  Scanned:  Issues: 
425,Saint Saens,,March Heroique Op. 34,Full,N,N/A,N/A,,Notes: Parts Scanned:  Issues: 
426,Saint Saens,,March Heroique Op. 34,Full,N,N/A,N/A,,Notes: Scores Scanned:  Issues: 
427,Saint Saens,,Danse Macabre,Full,N,N/A,N/A,,Notes: Winds in Better Key Scanned:  Issues: 
428,"Scarmolin, A",,The Tower Prince,Full,N,N/A,N/A,,Notes:  Scanned:  Issues: 
429,Schubert,Cailliet,Moment Musical,Full,N,N/A,N/A,,Notes:  Scanned:  Issues: 
430,Schubert,Perry,Five Waltzes,Full,3,N/A,N/A,,Notes:  Scanned:  Issues: 
431,Schubert,Dasch,Symphony No. 8 in B minor (Unfinished),Full,N,N/A,N/A,,Notes:  Scanned:  Issues: 
432,Shore,,Lord of the Rings,Full,N,N/A,N/A,,Notes:  Scanned:  Issues: 
433,"
",,Festival Overture,Full,N,N/A,N/A,,Notes: String Parts Scanned:  Issues: 
434,"
",,Festival Overture,Full,N,N/A,N/A,,Notes: Copied Parts Scanned:  Issues: 
434,Shostakovich,,Festival Overture,Full,N,N/A,N/A,,Notes: Wind and Percussion Parts Scanned:  Issues: 
435,Smetana,,3 Dances from the Bartered Bride,Full,N,N/A,N/A,,Notes:  Scanned:  Issues: 
436,Smith,McCashin,Where the Black Hawk Soars,Full,4,N/A,N/A,,Notes:  Scanned:  Issues: 
437,"Smith, Robert",,Rites of Tamburo,Full,N,N/A,N/A,,Notes: VERY incomplete parts Scanned:  Issues: 
438,"Sommerlatte, U.",,Metropolitan Portrait Rhapsody for Orchestra,Full,N,N/A,N/A,,Notes:  Scanned:  Issues: 
439,"Strauss, J",,Roses from the South,Full,N,N/A,N/A,,Notes:  Scanned:  Issues: 
440,"Strauss, J",,Gypsy Baron Overture,Full,5,N/A,N/A,,Notes:  Scanned:  Issues: 
441,Strauss,Sopkin,Blue Danube Waltz,Full,5,N/A,N/A,,Notes:  Scanned:  Issues: 
442,Stravinsky,Isaac,Petrouchka (The Fair),Full,5,N/A,N/A,,Notes:  Scanned:  Issues: 
443,Stravinsky,Isaac,Berceuse and Finale (Firebird),Full,5,N/A,N/A,,Notes: VERY incomplete parts Scanned:  Issues: 
444,Stravinsky,,Firebird Suite,Full,3,N/A,N/A,,Notes: Wind and Percussion Parts Scanned:  Issues: 
445,Stravinsky,,Firebird Suite,Full,3,N/A,N/A,,Notes:  Scanned:  Issues: 
446,Stravinsky,,Firebird Suite,Full,3,N/A,N/A,,"Notes: Viola, Cello, Bass Parts Scanned:  Issues: "
447,Stravinsky,Isaac,Danse Infernale from Firebird Suite,Full,5,N/A,N/A,,Notes:  Scanned:  Issues: 
448,Swack,,Brief Journey,Full,1,N/A,N/A,,Notes:  Scanned:  Issues: 
449,Telemann,Bauerschmidt,Overture in G Major,Both,N,N/A,N/A,,Notes:  Scanned:  Issues: 
450,Tchaikovsky,Sopkin,Capriccio Italien,Full,5,N/A,N/A,,Notes:  Scanned:  Issues: 
451,Tchaikovsky,Meyer,March from Symphony No. 2,Full,N,N/A,N/A,,Notes:  Scanned:  Issues: 
452,Tchaikovsky,,1812 Overture,Full,N,N/A,N/A,,Notes:  Scanned:  Issues: 
453,Tchaikovsky,Carlin,Finale from 1812 Overture,Full,N,N/A,N/A,,Notes:  Scanned:  Issues: 
454,Tchaikovsky,Roberts,"Symphony No. 6 in B minor, Pathetique, 3rd Mvt.",Full,N,N/A,N/A,,Notes:  Scanned:  Issues: 
455,"Tull, Fisher",,The Final Covenant,Full,N,N/A,N/A,,Notes:  Scanned:  Issues: 
456,Vaughan Williams,Jacob,English Folk Songs,Full,5,N/A,N/A,,Notes:  Scanned:  Issues: 
457,Verdi,Reibold,Grand March from Aida,Full,3,N/A,N/A,,"Notes: Good Key - Eb, Dotted Rhythms Scanned:  Issues: "
458,Vivaldi,Matesky,Concerto Grosso in D,Full,N,N/A,N/A,,Notes:  Scanned:  Issues: 
459,Wagner,Siennicki,Die Meistersinger,Full,4,N/A,N/A,,Notes:  Scanned:  Issues: 
460,Wagner,Moses,Rienzi Overture,Full,5,N/A,N/A,,Notes:  Scanned:  Issues: 
461,Wagner,Herfurth,March of the Meistersingers,Full,2,N/A,N/A,,Notes:  Scanned:  Issues: 
462,"Walter, D",,Shenandoah,Full,2,N/A,N/A,,Notes:  Scanned:  Issues: 
463,"Wilder, Alec",,Slow Dance for Woodwinds and Strings,Full,N,N/A,N/A,,Notes: Intermediate Scanned:  Issues: 
464,"Wagner, Douglas",,Slane Impressions on an Irish Tune,Full,N,N/A,N/A,,Notes:  Scanned:  Issues: 
465,Weinberger,,Polka and Fugue from Shwanda,Full,5,N/A,N/A,,Notes:  Scanned:  Issues: 
466,Zamecnik,,Londonderry Air,Full,N,N/A,N/A,,Notes:  Scanned:  Issues: 
467,Haydn,Dackow,St. Anthony Chorale,String,1,N/A,N/A,,Notes:  Scanned:  Issues: 
468,Monday,,Three Celtic Carols,String,N,N/A,N/A,,Notes:  Scanned:  Issues: 
469,Mouret,Leideg,Rondeau from Masterpiece Theatre,Full,N,N/A,N/A,,Notes: No Score Scanned:  Issues: 
470,"Ewing, L",,Spring Creek,String,N,N/A,N/A,,Notes: Easy Scanned:  Issues: 
471,Strommen,,Stone Mt. Stomp,String,N,N/A,N/A,,Notes:  Scanned:  Issues: 
472,"O'Laughlin, Sean",,Hillcrest Impressions,String,N,N/A,N/A,,Notes:  Scanned:  Issues: 
473,"Meyer, Richard",,Night Rider,String,N,N/A,N/A,,"Notes: Copies, No Score Scanned:  Issues: "
474,"Ewing, L",,Procession,String,N,N/A,N/A,,Notes: Easy Scanned:  Issues: 
475,Mouret,England,Fanfare and Allegro from Suite de Symphonies No. 1,Other,N,N/A,N/A,,Notes:  Scanned:  Issues: 
476,Caponegro,,Bow Regards Parade,String,1,N/A,N/A,,Notes: Copied Parts Scanned:  Issues: 
477,Monday,,Burgundian Carol,String,N,N/A,N/A,,Notes:  Scanned:  Issues: 
478,"Nunez, Carold",,Little Symphony,String,2,N/A,N/A,,"Notes: Copies, No Score Scanned:  Issues: "
479,"Siennicki, Edmund",,Cluster of Carols,String,N,N/A,N/A,,Notes:  Scanned:  Issues: 
480,Newbold,,The Haunted Carousel,String,N,N/A,N/A,,Notes:  Scanned:  Issues: 
481,Tchaikovsky,Hoffman,Scenes from Swan Lake,Other,N,N/A,N/A,,Notes:  Scanned:  Issues: 
482,Vaughn Williams,Longfield,Sea Songs,String,3,N/A,N/A,,Notes:  Scanned:  Issues: 
483,Handel,Del Borgo,Concerto for String Orch in C major,String,N,N/A,N/A,,Notes:  Scanned:  Issues: 
484,"Mishell, K",,String Fling,String,N,N/A,N/A,,Notes:  Scanned:  Issues: 
485,Gershwin,Sayer,Summertime from Porgy and Bess,Full,N,N/A,N/A,,Notes:  Scanned:  Issues: 
486,Telemann,Bauerschmidt,Telemann Suite,String,3,N/A,N/A,,Notes: play all Scanned:  Issues: 
487,Boyle,,A Suite of English Folk Songs,String,1 or 2,N/A,N/A,,"Notes: 1, 2 selections Scanned:  Issues: "
488,Ricketts,,Satchmo! A Salute to Louis Armstrong,Full,N,N/A,N/A,,Notes:  Scanned:  Issues: 
489,Handel,,"Concerto Grosso, Op. 6 No. 5",Other,N,N/A,N/A,,Notes:  Scanned:  Issues: 
490,Zimmer,Ricketts,"Pirates of the Caribbean, Dead Man's Chest",Other,N,N/A,Y,,Notes:  Scanned:  Issues: 
491,Selby,Sheinberg,English Fugue,String,3,N/A,N/A,,Notes:  Scanned:  Issues: 
492,"Herbert, V",,Air De Ballet,String,N,N/A,N/A,,Notes:  Scanned:  Issues: 
493,Chopin,Balakirev,Mazurka No. 7,String,N,N/A,N/A,,Notes:  Scanned:  Issues: 
494,Daniel,,Hill Country Suite,Other,N,N/A,N/A,,Notes:  Scanned:  Issues: 
495,Williams,Custer,Summon the Heroes,Full,N,N/A,N/A,,Notes:  Scanned:  Issues: 
496,Ricketts,,Tribute to Richard Rogers,Full,N,N/A,N/A,,Notes: Pop Scanned:  Issues: 
497,Foster,Thompson,Light the Fire Within,Both,N,N/A,N/A,,Notes: Pop Scanned:  Issues: 
498,Handel,Kerr,Overture to Messiah,Both,N,N/A,N/A,,Notes:  Scanned:  Issues: 
499,Haydn,Parrish,Symphony No. 44 Trauer 4th Mvt.,Both,4,N/A,N/A,,Notes:  Scanned:  Issues: 
500,Bernstein,Moss,West Side Story Medley,String,N,N/A,N/A,,Notes: Pop Scanned:  Issues: 
501,Menotti,Conly,Shepard's Dance from Amahl and the Night Visitors,String,4,N/A,N/A,,Notes:  Scanned:  Issues: 
502,Bernstein,Bulla,America from West Side Story,String,N,N/A,N/A,,Notes: Pop Scanned:  Issues: 
503,"Weber, C.M.",,Waltz for Strings,String,N,N/A,N/A,,Notes:  Scanned:  Issues: 
504,Shostakovich,Drew,Prelude and Scherzo,String,N,N/A,N/A,,Notes:  Scanned:  Issues: 
505,Mozart,,Divertimento in D. K 136,String,N,N/A,N/A,,Notes:  Scanned:  Issues: 
506,Disney,Neely,Fantasia 2000,String,N,N/A,N/A,,Notes: Pop Scanned:  Issues: 
507,Trad,McGinty,Wexford Carol,String,2,N/A,N/A,,Notes:  Scanned:  Issues: 
508,"Warshaur, M",,Shabbat with King David,String,N,N/A,N/A,,Notes:  Scanned:  Issues: 
509,Vaughan Williams,Bulla, Song Suite,String,3,N/A,N/A,,Notes:  Scanned:  Issues: 
510,Caponegro,,British Grenadiers,String,N,N/A,N/A,,Notes:  Scanned:  Issues: 
511,Bizet,Isaac,Farandole from L'Arlesienne Suite No. 2,String,3,N/A,N/A,,Notes:  Scanned:  Issues: 
512,Vivaldi,Frackenpohl,Allegro in D,String,3,N/A,N/A,,Notes:  Scanned:  Issues: 
513,Clark,,Carol of the Bells/ Greensleeves,String,N,N/A,N/A,,Notes: Holiday Scanned:  Issues: 
514,Handel,,Concerto Grosso in B flat Major Op. 6 No. 7,String,N,N/A,N/A,,Notes:  Scanned:  Issues: 
515,Menken,Chase,Beauty and the Beast,String,N,N/A,N/A,,Notes: Pop Scanned:  Issues: 
516,Vaughn Williams,Foster,"Prelude, Founded on the Welsh Hymn Tune Hyfrydol",Both,N,N/A,N/A,,Notes: Copies only Scanned:  Issues: 
517,Vaughn Williams,Foster,Rhosymedre Prelude on a Welsh Hymn Tune,String,N,N/A,N/A,,Notes:  Scanned:  Issues: 
518,Sibelius,,Andante Festivo,String,3,N/A,N/A,,Notes:  Scanned:  Issues: 
519,Arensky,,Variations on a Theme of Tchaikovsky,String,"3, 4, or 5",N/A,N/A,,"Notes: T&1M, T&2M, all Scanned:  Issues: "
520,Humperdinck,Ryden,Prelude (Evening Prayer) from Hansel and Gretel,String,N,N/A,N/A,,Notes:  Scanned:  Issues: 
521,Handel,Frost,Hallelujah from Messiah,String,N,N/A,N/A,,Notes: Holiday Scanned:  Issues: 
522,Corelli,,Concerto Grosso in F major Op. 6 No. 12,String,N,N/A,N/A,,Notes:  Scanned:  Issues: 
523,Corelli,Brown,Sonata da Camera No. 7 and No. 8,String,3,N/A,N/A,,Notes: 2 contrasting mvts. Scanned:  Issues: 
524,Corelli,Brown,Sonata da Camera No. 9 and No. 10,String,4,N/A,N/A,,"Notes: No vla or cello, 2 contrast. mvts. Scanned:  Issues: "
525,Mendelssohn,,Symphony No. 5 The Reformation op. 107,Full,0,N/A,N/A,,Notes: String Parts Scanned:  Issues: 
526,Mendelssohn,,Symphony No. 5 The Reformation op. 107,Full,0,N/A,N/A,,Notes: Scores and Wind Parts Scanned:  Issues: 
527,Mendelssohn,,Symphony No. 5 The Reformation op. 107,Full,0,N/A,N/A,,Notes: Copied Parts Scanned:  Issues: 
528,Tchaikovsky,Higgins,"Triumphant March (Based on Tchaikovsky's 6th Symphony, 3rd Mvt.)",Full,3,N/A,N/A,,Notes:  Scanned:  Issues: 
529,Elgar,,Serenade for String Orchestra,String,5,N/A,N/A,,Notes:  Scanned:  Issues: 
530,Mussorgsky,Isaac,Hopak,String,3,N/A,N/A,,Notes:  Scanned:  Issues: 
531,Bergsma,,"Dances from a New England Album, 1856",Full,4,N/A,N/A,,Notes:  Scanned:  Issues: 
532,Prokofiev,,Lieutenant Kije op. 6,Full,5,N/A,N/A,,Notes: String Parts Scanned:  Issues: 
533,Prokofiev,,Lieutenant Kije op. 6,Full,5,N/A,N/A,,Notes: Wind Parts and Score Scanned:  Issues: 
534,Berlioz,,Hungarian March (Radesky March) from The Damnation of Faust Op. 24,Full,5,N/A,N/A,,Notes:  Scanned:  Issues: 
535,"Nunez, Carold",,M to the Third Power,String,3,N/A,N/A,,Notes:  Scanned:  Issues: 
536,Mouret,Leideg,Rondeau from Masterpiece Theatre,String,N,N/A,N/A,,Notes:  Scanned:  Issues: 
537,Gershwin,,Lullaby,String,4,N/A,N/A,,Notes:  Scanned:  Issues: 
538,Respighi,Alshin,Antique Dances and Airs,String,3,N/A,N/A,,Notes:  Scanned:  Issues: 
539,Saint Saens,Isaac,March Militaire Francaise,Full,4,N/A,N/A,,Notes: Missing original 4th F Horn Scanned:  Issues: 
540,Grieg,,Peer Gynt Suite No. 1 op. 46,Full,5,N/A,N/A,,Notes:  Scanned:  Issues: 
540,Grieg,,Peer Gynt Suite No. 1 op. 46,Full,5,N/A,N/A,,Notes: Scores Scanned:  Issues: 
541,Hovhannes,,Armenian Rhapsody No. 3 op. 189,String,5,N/A,N/A,,Notes:  Scanned:  Issues: 
542,Adler,,Four Early American Folk Tunes,String,N,N/A,N/A,,Notes: See new edition Five Early American Folk Tunes Scanned:  Issues: 
543,Borodin,,Polovtsain Dances from Prince Igor,Full,5,N/A,N/A,,Notes: Parts and 1 score Scanned:  Issues: 
544,Borodin,,Polovtsain Dances from Prince Igor,Full,5,N/A,N/A,,Notes: Scores 2-5 Scanned:  Issues: 
545,Borodin,,Polovtsain Dances from Prince Igor,Full,5,N/A,N/A,,Notes: Upper Strings Scanned:  Issues: 
546,Borodin,,Polovtsain Dances from Prince Igor,Full,5,N/A,N/A,,Notes: Lower Strings Scanned:  Issues: 
547,Lady Gaga,Arr. Berezney,I gotta Feeling and Poker Face,String,N,N/A,N/A,,Notes: Pop Scanned:  Issues: 
548,Bizet,,Carmen Suite No. 2,Full,5,N/A,N/A,,Notes: Parts Only Scanned:  Issues: 
548,Bizet,,Carmen Suite No. 2,Full,5,N/A,N/A,,Notes: Scores Only Scanned:  Issues: 
549,Saint Saens,,Dance Macabre,Full,0,N/A,N/A,,Notes: Parts Only Scanned:  Issues: 
549,Saint Saens,,Dance Macabre,Full,0,N/A,N/A,,Notes: Scores Only Scanned:  Issues: 
550,Soon Hee Newbold,,Blue Fire Fiddler,String,N,N/A,N/A,,Notes:  Scanned:  Issues: 
551,Juan Plaza,,Fuga Criolla,N/A,N,N/A,N/A,,Notes:  Scanned:  Issues: 
552,William Dyson,,Ballade,String,N,N/A,N/A,,Notes:  Scanned:  Issues: 
553,William Hofeldt,,Twilight Ceremonial,String,N,N/A,N/A,,Notes:  Scanned:  Issues: 
554,Mark Williams,,Fancy Fiddles,String,N,N/A,N/A,,Notes:  Scanned:  Issues: 
555,Larry Clark,,Out of Winter,String,2,N/A,N/A,,Notes:  Scanned:  Issues: 
556,"Meyer, Richard",,Tangerine Rag,String,N,N/A,N/A,,Notes:  Scanned:  Issues: 
557,Schumann,,Traumerai,String,3,N/A,N/A,,Notes:  Scanned:  Issues: 
558,"Siennicki, Edmund",,Ritual,String,N,N/A,N/A,,Notes:  Scanned:  Issues: 
559,Bach,Isaac,Concerto in D Major,String,3,N/A,N/A,,Notes:  Scanned:  Issues: 
560,"Meyer, Richard",,Mantras,String,3,N/A,N/A,,Notes:  Scanned:  Issues: 
561,Atwell,,Rhythm Sticks,String,4,N/A,N/A,,Notes:  Scanned:  Issues: 
562,Corelli,,Concerto Grosso op. 6 #4,String,N,N/A,N/A,,Notes:  Scanned:  Issues: 
563,Puccini,Dackow,O Mio Babbino Caio ,String,N,N/A,N/A,,Notes:  Scanned:  Issues: 
564,Mahler,Dackow,Symphony No. 1 Mvt. 2,String,3,N/A,N/A,,Notes: Copies only Scanned:  Issues: 
565,"Washburn, Robert",,Knightsbride Suite,String,N,N/A,N/A,,Notes:  Scanned:  Issues: 
566,Grieg,,Heart Wounds/ The Last Spring,String,5,N/A,N/A,,Notes:  Scanned:  Issues: 
567,"Sharp, Keith",,Shanghai Hornpipe,String,N,N/A,N/A,,Notes: Medium difficulty Scanned:  Issues: 
568,Clark,,Kinetic Energy,String,2,N/A,N/A,,Notes:  Scanned:  Issues: 
569,"Meyer, Richard",,Terra Nova,String,2,N/A,N/A,,Notes:  Scanned:  Issues: 
570,Vivaldi,,Sinfonias No. 1 and 2,String,5,N/A,N/A,,Notes:  Scanned:  Issues: 
571,Brahms,,"Hungarian Dances, No. 5, No. 6, No. 7",Full,5,N/A,N/A,,Notes:  Scanned:  Issues: 
572,Elgar,,Enigma Variations and Pomp and Circumstance Marches,Full,5,N/A,N/A,,Notes: Scores Only Scanned:  Issues: 
573,"Piazzolla, Arr. Allen",,Le Grand Tango for Viola Solo and String Orchestra,String,N,N/A,N/A,,Notes:  Scanned:  Issues: 
574,Newbold,,Perseus,String,4,N/A,N/A,,Notes:  Scanned:  Issues: 
575,Clark,,Engines of Resistance,Full,2,N/A,N/A,,Notes:  Scanned:  Issues: 
576,"Gassi, Vince",,Crusade,String,N,N/A,N/A,,Notes: Easy Scanned:  Issues: 
577,Shostakovich arr. Drew,,Sinfonia for String Orchestra from Quartet No. 8 Op. 110,String,N,N/A,N/A,,Notes: Score only Scanned:  Issues: 
578,"Giebler, Cindy",,Elasticity,String,N,N/A,N/A,,Notes: Easy Scanned:  Issues: 
579,"Ford, Ralph",,Hyperdrive,String,N,N/A,N/A,,Notes: Easy Scanned:  Issues: 
580,"Phillips, Joseph",,Fantasia on an Original Theme,String,3,N/A,N/A,,Notes:  Scanned:  Issues: 
581,Prokofiev,Gruselle,Classical Symphony (Finale),String,4,N/A,N/A,,Notes:  Scanned:  Issues: 
582,Atwell,,Kentucky Jam,String,3,N/A,N/A,,Notes:  Scanned:  Issues: 
583,Mendelssohn,,Sinfonia No. 2 in D Major,String,0,N/A,N/A,,Notes:  Scanned:  Issues: 
584,Vivaldi,,Concerto in D Major RV 121,String,0,N/A,N/A,,Notes: Scores Only Scanned:  Issues: 
585,Plohman,Phillips,Tam Lyn,String,N,N/A,N/A,,Notes: Scores Only Scanned:  Issues: 
586,Gruselle,,Goin' to Boston,String,N,N/A,N/A,,Notes:  Scanned:  Issues: 
587,Telemann,Dowty,Concerto in D Major,String,N,N/A,N/A,,Notes:  Scanned:  Issues: 
588,"Roumain, Daniel Bernard",,Symphony For the Dance Floor,Full,N,N/A,N/A,,Notes: Score only Scanned:  Issues: 
589,Berlioz,,Symphonie Fantastique - March to the Scaffold,Full,5,N/A,N/A,,Notes: Parts Only Scanned:  Issues: 
590,"Gazda, Doris",,Appalachian Sunrise,String,2,N/A,N/A,,Notes:  Scanned:  Issues: 
591,"Spata, Doug",,Gauntlet,String,3,N/A,N/A,,Notes:  Scanned:  Issues: 
592,"Phillips, Bob",,Toucan Tango,String,N,N/A,N/A,,Notes:  Scanned:  Issues: 
593,Le Pera,Gardel Arr. Scott,Por Una Cabeza,String,N,N/A,N/A,,Notes: Grade 4 Scanned:  Issues: 
594,"Silva, Alan Lee",,Forest Incantations,String,N,N/A,N/A,,Notes: Grade 4 Scanned:  Issues: 
595,Frescobaldi,Beeman,Toccata,String,N,N/A,N/A,,Notes: Grade 2+ Scanned:  Issues: 
596,"Story, Michael",,The Tell-Tale Heart,String,N,N/A,N/A,,Notes: Grade 2.5 Scanned:  Issues: 
597,Handel Arr. Frost,,Lascia Ch'io Pianga,String,N,N/A,N/A,,Notes: Grade 3 Scanned:  Issues: 
598,Bishop,,Showdown!,String,N,N/A,N/A,,Notes: Grade 4.5 Scanned:  Issues: 
599,Bernofsky,,Heart of Fire,String,4,N/A,N/A,,Notes:  Scanned:  Issues: 
600,Trad,Darling,Isma'a (Listen),String,N,N/A,N/A,,Notes: Grade 3 Scanned:  Issues: 
601,"Finzi, Gerald",,Prelude for String Orchestra,String,5,N/A,N/A,,Notes:  Scanned:  Issues: 
602,Day,,Cliffs of Moher,String,N,N/A,N/A,,Notes: Grade 2 - Parts only Scanned:  Issues: 
603,"Faure, Gabriel",,Sicilienne from Pelleas et Melisande,Full,5,N/A,N/A,,Notes:  Scanned:  Issues: 
604,Barnes,,Yorkshire Ballad,String,3,N/A,N/A,,Notes:  Scanned:  Issues: 
605,Daniels,,Air and Dance,String,3,N/A,N/A,,Notes:  Scanned:  Issues: 
606,Clark,,Air and Caprice,String,2,N/A,N/A,,Notes:  Scanned:  Issues: 
607,"Turner, Matt",,Rocksteady Reggae,String,N,N/A,N/A,,Notes: Grade 2.5 Scanned:  Issues: 
608,"Siennicki, Edmund",,Baroque Fugue,String,1,N/A,N/A,,Notes:  Scanned:  Issues: 
609,"Monday, Deborah",,Crossing Pirates' Cove,String,2,N/A,N/A,,Notes:  Scanned:  Issues: 
610,"Spata, Doug",,Las Mariposas Exoticas,String,N,N/A,N/A,,Notes: Grade 2 Scanned:  Issues: 
611,"Fritz, Tom",,Fiddles on the Fritz,String,N,N/A,N/A,,Notes: Grade 2 Scanned:  Issues: 
612,"Meyer, Richard",,Cellos Ole!,String,N,N/A,N/A,,Notes: Grade 2 Scanned:  Issues: 
613,"Reinagle, Joseph",,Revenge of the Double Bass,String,N,N/A,N/A,,Notes: Grade 2 Scanned:  Issues: 
614,"Foote, Arthur",,Suite in E Major,String,5,N/A,N/A,,Notes: UIL 2014 Scanned:  Issues: 
615,"Svendsen, Anne ",,Butterflies on the Breeze,String,UIL,N/A,N/A,,Notes:  Scanned:  Issues: 
616,"Hofeldt, William",,Nocturne,String,4,N/A,N/A,,Notes:  Scanned:  Issues: 
617,Suk. Joseph,,Serenade for String Orchestra,String,UIL,N/A,N/A,,Notes: UIL 2015 Scanned:  Issues: 
618,"Sibelius, Jean",,Romance in C,String,,N/A,N/A,,Notes:  Scanned:  Issues: 
619,Clark,,Contradanse,String,2,N/A,N/A,,Notes: UIL 2015 Scanned:  Issues: 
620,"Marquez, Arturo",,Danzon N. 2,Full,N,N/A,N/A,,Notes: UIL 2015 Scanned:  Issues: 
621,"Frost, Robert S. ",,Illusions,String,5,N/A,N/A,,Notes:  Scanned:  Issues: 
622,"Gould, Morton",,Spirituals for String Orchestra and Harp,Other,5,N/A,N/A,,Notes: Harp Scanned:  Issues: 
623,Handel,,Organ Concerto in B flat,Other,N,N/A,N/A,,Notes:  Scanned:  Issues: 
624,"Moore, Larry",,Uptown Funk ,Other,N,N/A,N/A,,Notes: Pop Scanned:  Issues: 
625,"Williams, Vaughan",,Fantasia on Greensleves,Other,4,N/A,N/A,,Notes: UIL 2015 Scanned:  Issues: 
626,"Longfield, Robert",,Salute to Michael Jackson,String,N,N/A,N/A,,Notes: Pop Scanned:  Issues: 
627,O'Loughlin Sean,,Back to the Future,Other,N,N/A,N/A,,Notes:  Scanned:  Issues: 
628,Mother Falcon,,Marigold,N/A,N,N/A,N/A,,Notes:  Scanned:  Issues: 
629,Silvestri,Moore,Music from the Avengers,Other,N,N/A,N/A,,Notes:  Scanned:  Issues: 
630,Bullock,,The Beatles Suite ,Other,,N/A,N/A,,Notes:  Scanned:  Issues: 
631,"Monday, Deborah",,Conquistador,N/A,N,N/A,N/A,,Notes:  Scanned:  Issues: 
632,Sienicki,,Blue Heron,N/A,,N/A,N/A,,Notes:  Scanned:  Issues: 
633,"Frost, Robert S.",,Sanseneon,String,3,N/A,N/A,,Notes:  Scanned:  Issues: 
634,"Story, Michael",,Shut Up and Dance,Other,,N/A,N/A,,Notes:  Scanned:  Issues: 
635,Still,,Danzas de Panama,String,5,N/A,N/A,,Notes:  Scanned:  Issues: 
636,Wagner,Dackow,March of the Meistersingers,String,,N/A,N/A,,Notes:  Scanned:  Issues: 
637,"Niehaus, Lennie ",,Crestline Summit,String,3,N/A,N/A,,Notes: Sight Reading 2017 Scanned:  Issues: 
638,"Porter, Greg A. ",,Bacchanale from Samson and Deliah,String,N,N/A,N/A,,Notes:  Scanned:  Issues: 
639,"Kazik, James ",,Star Wars,Other,,N/A,N/A,,Notes:  Scanned:  Issues: 
640,"Newbold, Soon Hee ",,Fire Dance,String,N,N/A,N/A,,Notes:  Scanned:  Issues: 
641,"Saint-Saens, Camille",,Prelude,String,,N/A,N/A,,Notes:  Scanned:  Issues: 
642,Balmages,,Spartacus,String,N,N/A,N/A,,Notes:  Scanned:  Issues: 
643,Meyer,,Acrobats,String,5,N/A,N/A,,Notes:  Scanned:  Issues: 
644,Clark,,Quintus,String,2,N/A,N/A,,Notes:  Scanned:  Issues: 
645,Mosier,,The Dance of Iscariot,String,3,N/A,N/A,,Notes:  Scanned:  Issues: 
646,Moore,,,String,Pop,N/A,N/A,,Notes:  Scanned:  Issues: 
647,Parry,,Suite in F (Lady Radnor's Suite),String,5,N/A,N/A,,Notes:  Scanned:  Issues: 
648,"Newbold, Soon Hee ",,The Odyssey,String,N,N/A,N/A,,Notes:  Scanned:  Issues: 
649,Mendelssohn,,Sinfonia X,String,0,N/A,N/A,,Notes:  Scanned:  Issues: 
650,"Verdi, Giuseppe",,"Overture, La Forza del Destino",Full,0,N/A,N/A,,Notes: Score Only Scanned:  Issues: 
651,"Diamond, David",,Rounds for String Orchestra,String,5,N/A,N/A,,Notes:  Scanned:  Issues: 
652,Barber,,Overture to The School of Scandal,Full,,N/A,N/A,,Notes: Score Only Scanned:  Issues: 
653,"Jackson, S. A",,Syncopation Jubilation,String,,N/A,N/A,,Notes: Student Composition Scanned:  Issues: 
654,"Dickson, Richard",,Season's Greetings,Other,N,N/A,Y,,Notes: No piano part Scanned:  Issues: 
655,"Sieving, Robert",,Dos Fuegos ,String,,N/A,N/A,,Notes: Score  Scanned:  Issues: 
656,Rutter,,Suite for Strings,String,,N/A,N/A,,Notes: Everything  Scanned:  Issues: 
657,Moore,,A Charlie Brown Christmas,String,N,N/A,N/A,,Notes:  Scanned:  Issues: 
658,Moore,,Polar Express Medley,String,N,N/A,N/A,,Notes:  Scanned:  Issues: 
659,Meyer,,Geometric Dances,String,3,N/A,N/A,,Notes:  Scanned:  Issues: 
660,Whitacre, Lavender,October,Other,UIL 4 (poss.),N/A,N/A,,Notes:  Scanned:  Issues: 
661,Silva,,Sunburst,String,1.5,N/A,N/A,,Notes:  Scanned:  Issues: 
662,Chabrier,,Espana,Full,5,N/A,N/A,,Notes: Copies only Scanned:  Issues: 
663,Bernstein,,Overture to Candide,Full,5,N/A,N/A,,Notes: Played FO 2016-17 Scanned:  Issues: 
664,Chadwick,,Serenade for String Orchestra in F Major,String,5,N/A,N/A,,Notes: Play 1 mvt. Scanned:  Issues: 
665,Handel,Hoffmann,Twelve Sinfonias,String,4,N/A,N/A,,Notes:  Scanned:  Issues: 
666,Wiren,,Serenade for String Orchestra Opus 11,String,none,N/A,N/A,,Notes:  Scanned:  Issues: 
667,Janacek,,Suite for String Orchestra ,String,none,N/A,N/A,,Notes:  Scanned:  Issues: 
668,Teleman,,Little Suite in D,String,3,N/A,N/A,,Notes:  Scanned:  Issues: 
669,Corelli,,Concerto Grosso in C Minor Op. 6 No. 3,String,N,N/A,N/A,,Notes:  Scanned:  Issues: 
670,Handel,Clark,Overture to Rodelinda,String,,N/A,N/A,,Notes:  Scanned:  Issues: 
671,Meyer ,,Spring Breezes,String,3,N/A,N/A,,Notes:  Scanned:  Issues: 
672,Corelli,,Concerto 3,String,N,N/A,N/A,,Notes:  Scanned:  Issues: 
673,Bridge,,Suite for String Orchestra ,String,4 or 5,N/A,N/A,,"Notes: Mvt. 2 or 3 (Kalmus), Mvt. 1 or 4 (Luck's) Scanned:  Issues: "
674,Sibelius,,Valse Tristes Op. 44 No. 1,String,N,N/A,N/A,,Notes:  Scanned:  Issues: 
675,Nielsen,,Little Suite¬† ,String,N,N/A,N/A,,Notes:  Scanned:  Issues: 
676,Mozart,,Alla Turca,String,N,N/A,N/A,,Notes:  Scanned:  Issues: 
677,Hurwitz,Oroshiba,Another Day of Sun,Other,N,N/A,N/A,,Notes:  Scanned:  Issues: 
678,Shostakovich,,Symphony #5,Full,,N/A,N/A,,Notes:  Scanned:  Issues: 
679,Jackson,,Sarah Jackson Music,String,,N/A,N/A,,Notes:  Scanned:  Issues: 
680,Balmages,,Afterburn,String,2.5,N/A,N/A,,Notes:  Scanned:  Issues: 
681,Dvorak,,"Serenade for Strings, Op. 22, First Movement",String,4.5,N/A,N/A,,Notes:  Scanned:  Issues: 
682,Balmages,,Hunting the Wild Beast,Other,2.5,N/A,N/A,,Notes:  Scanned:  Issues: 
683,Liszt,,Cossack March ,Full,4,N/A,N/A,,Notes:  Scanned:  Issues: 
684,Brahms,,Academic Festival Overture,Full,4,N/A,N/A,,Notes:  Scanned:  Issues: 
685,Menken,,A Whole New World,String,N,N/A,N/A,,Notes:  Scanned:  Issues: 
686,Menken,,Evermore,Other,N,N/A,N/A,,Notes:  Scanned:  Issues: 
691,Webber,,Music of the Night,N/A,,N/A,N/A,,Notes:  Scanned:  Issues: 
692,Mendelssohn,,Sinfonia 3 in E minor,N/A,,N/A,N/A,,Notes:  Scanned:  Issues: 
693,Mercury,Longfield,Bohemian Rhapsody,N/A,,N/A,N/A,,Notes:  Scanned:  Issues: 
694,Hart and Boyce,,Last Train to Clarksville ,N/A,,N/A,N/A,,Notes:  Scanned:  Issues: 
695,Djawadi,,Game of Thrones,N/A,,N/A,N/A,,Notes:  Scanned:  Issues: 
696,Giacchino,,Rogue One: A Star Wars Story,N/A,,N/A,N/A,,Notes:  Scanned:  Issues: 
697,James Kazik,,Sing,N/A,,N/A,N/A,,Notes:  Scanned:  Issues: 
698,Menken and Rice,,How does a Moment Last Forever,N/A,,N/A,N/A,,Notes:  Scanned:  Issues: 
699,Moore,,Highlights from Moana,Other,N,N/A,N/A,,Notes:  Scanned:  Issues: 
700,Khachaturian,Longfield,Adagio (Theme from Spartacus),N/A,,N/A,N/A,,Notes:  Scanned:  Issues: 
701,Mendelssohn,,Sinfonia 1in C,N/A,,N/A,N/A,,Notes:  Scanned:  Issues: 
702,Tchaikovsky,,"Souvenir de Florence, Op. 70",String,,N/A,N/A,,Notes: Scored for sextet Scanned:  Issues: 
703,Dacrow,,O Mio Babbino Caro ,Full,,N/A,N/A,,Notes:  Scanned:  Issues: 
704,Rautaavara,,Divertimento for String Orchestra,String,,N/A,N/A,,Notes:  Scanned:  Issues: 
705,Newbold,,Mythos ,String,,N/A,N/A,,Notes:  Scanned:  Issues: 
706,Meyer,,The Emerald Falcon,String,,N/A,N/A,,Notes:  Scanned:  Issues: 
707,Balmages,,Ice Sculptures,String,,N/A,N/A,,Notes:  Scanned:  Issues: 
708,Silva,,The Highwire,String,,N/A,N/A,,Notes:  Scanned:  Issues: 
709,Del Borgo,,Danse Infernale,String,,N/A,N/A,,Notes:  Scanned:  Issues: 
710,Woolstenhulme ,,Such Sweet Sorrow ,String,3,N/A,N/A,,Notes:  Scanned:  Issues: 
711,Carse,,The Winton Suite,String,,N/A,N/A,,Notes:  Scanned:  Issues: 
712,Silva,,The Code,String,,N/A,N/A,,Notes:  Scanned:  Issues: 
713,Spata,,Across the Wind,String,,N/A,N/A,,Notes:  Scanned:  Issues: 
714,Zuehlsdorff,,Labyrinth,String,3,N/A,N/A,,Notes:  Scanned:  Issues: 
715,Daniel,,Avocado Orchard,Full,,N/A,N/A,,Notes:  Scanned:  Issues: 
