Number,Composer/Arranger,Title,Full or String,UIL Rating,Notes,Scanned?,Issues?
1,Adler,Five Early American Tunes for String Orchestra,S,N,,,not there
2,Adler,Concertino for String Orchestra,S,4,(play all),Y,not there
3,Daal'Abaco,"4 Concerti Da Chiesa (nos. 4, 5, 8, 9?)",S,N,"1, 2 cont. mvts., Scores Only",y,
4,Albinoni/Polnauer,Three Balletti for Strings,S,N,,y,
5,Anderson,The Beauty Within/Stormy Night,S/Perc/Timp/Hp,N,,y,
6,Anderson,Suite of Carols,S,N,,y,
7,Ariosti/Clark,Overture (from Vespasian),S,4,,,
8,Atwell,Drifen,S,4,,y,
9,Atwell,Stasis,S,N,,y,
10,Atwell,Canon in B Muse,S,N,,y,
11,Auton,Folk Songs for Strings (English),S,?,,,
12,Bach,Sinfonia #3 in C,S,1,,y,
13,Bach,Sinfonia #5,S,N,,,
14,JC Bach/Dackow,Sinfonia in D Major,S,2,No score,,
15,Bach,3 London Sinfonias,S,N,,,
16,Bach,Double Concerto,S,1,,,
17,Bach/Jasinski,Brandenburg #4 3rd Movement,S,4,Performed UIL 2011,,
18,Bach,Concerto in D Major,S/Piano,3,No Piano,,
19,Bach/Ormandy,Three Choral Preludes,S,5,,,
20,Bach, Brandenburg Concerto #5,S,N,,,
21,Bach/Del Borgo,"Jesu, Joy of Man's Desiring",S,N,,,
22,Bach/Jasinski,Brandenburg #4 3rd Movement,S,4,,,
23,Bach/Leidig,Bach Suite for String Orchestra,S,1 or 2,"Minuet, March & Gavotte",,
24,Bach/Issac,Concerto #3,S,3,,,
25,Bach,Brandenburg Concerto #3 (Unabridged),S,3,"No Score
",,
26,Bach/Grant,Fugue in g minor (organ),S,4,,,
27,Bach,Brandenburg #3,S,N,"No Parts
",,
28,Bach,Passacaglia and Fugue in c minor,S,5,,,
29,Bach/Leidig,Brandenburg #3 third movement,S,N,,,
30,Bach/Stokowski,Prelude in B minor,S,4,,,
31,Badolt/Rickets,Pirates of Caribbean,S,N,,,
32,Baker/Monday,For the Star of County Down,S,N,,,
33,Barsanti,Overture op. 4 no. 2,string,5,,,
34,Barber,Adagio for Strings,S,5,,,
35,Bartok/Willner,Rumanian Folk Dances,S,5,,,
36,Bell,Rondo Festivo,S,3,,,
37,Beethoven,Two Minuets,S,N,,,
38,Beethoven/Hopkin,Symphony #5,S,3,,,
39,Bartok/Willner,Rumanian Folk dances,S or F,4 or 5,"3 mvmts, all mvmts",,
40,Berger,Suite for strings,string,4,,,
41,Berger,Short overture for strings,string,4,,,
42,Biber,Battalia,S,N,,,
43,Bizet/MaCoshin,Carillon from L'Arlesienne Suite #1,S,N,,,
44,Bizet,Adagietto from L'Arlesienne #1,S,4,arr. Dasch(?),,
45,Bizet/Centuri,Intermezzo from L'Arlesienne Suite #2,S,N,,,
46,Bloch,"Prayer, from Jewish Life, no. 1","Solo Cello, S",N,,,
47,Bloch,Concerto Grosso,S,5,,,
48,Bloch,Concerto Grosso,S/P,5,,,
49,Bowen,8 Masterworks,S,N,,,
50,Boyce,Suite for Strings,S,N,,,
51,Boyce/Folus,Symphony #1,S,N,,,
52,Brahms,"Es ist ein ros entsprugen (Low, How a Rose E'er Blooming)",S,N,,,
53,Brown,Christmas Fugue (we wish you a merry christmas),,N,Holiday,,
54,Burswald,Dance,string,N,Solo Vln & String,,
55,Byrd,thee leavees be greene,S/Voice,,,,
56,Casals,Song of the Birds,Solo Cello/S,N,,,
57,Corelli,Concerto Grosso op. 6 no. 1,,N,,,
58,Corelli/Sopkin,La Folia,S or F,,,,
59,Corelli/Zimmerman,Suite in F,S,N,,,
60,Corelli,Concerto Grosso op. 6 no. 4,S,N,,,
61,Copland,Hoedown from Rodeo,S,5,,,
62,Copland/Moss,Old American Folk Songs,S,N,,,
63,Corigliano,Voyage,S,5,,,
64,Daniels,Prelude and dance,S,1,,,
65,Creston,Gregorian Chant,S,5,,,
66,Debussy,Andantino from String Quartet,S,N,Hard Keys,,
67,Del Borgo,Dance Scenario,S,2,,,
68,Cacauas,Montage for Strings,S,N,,,
69,Del Borgo,Clog Dance,S,1,,,
70,Del Borgo,Dance Scenario,S,2,,,
71,Del Borgo,Greensleeves Variant,S,N,,,
72,Del Borgo,Petite Overture,S,2,,,
73,Del Borgo,Sonatine,S,1,,,
74,Del Borgo,Korean Folk Song Variants,S,N,,,
75,Dello Joio,Air for strings,S,N,,,
76,Dello Joio,Choreography ,string,5,,,
77,Dvorak,Serenade for strings,string,5,Performed UIL 2011,,
78,Dvorak,Notturano,string,N,,,
79,Dvorak,Two Waltzes ,string,N,,,
80,Elfmar,Selections from Corpse Bride,string or full,N,,,
81,Elgar,"Elegy, op. 58",string,N,,,
82,Elgar/Bender,Nimrod,string,4,,,
83,Elgar,Pomp and Circumstance,Full,2,,,
84,Elgar,Sospiri op. 70,strings,5,,,
85,Elgar,Serenade for strings,,5,,,
86,England,Variations on an english pastoral theme,,N,,,
87,Errante,Songs of early america,,N,,,
88,Feese,Contrasts in e minor,string,3,,,
89,Coleman,Adieu,S,N,,,
90,Fishburn,Celtic Suite,string,2,,,
91,Feese,Colorado Suite,string,2,,,
92,Feese/Newport,Festival,string,N,,,
93,Fine,"Riu Riu Chiu, trad 15th c. Spanish Carol",string,3,,,
94,Fletcher,Folk Tune and fiddle dance,string,3 or 4,No Score - missing 2nd vln,,
95,Fletcher,Semiquaver Serenade,string,N,,,
96,Fletcher,Serenade for Violas,string,N,,,
97,Franck/Holcombre,Panis Angelicus,string,2 or 3,,,
98,Frescobaldi/Higgins,Toccata,string,1,,,
99,Frost,Petite Rondo,string,N,,,
100,Frost,Hornpipe,string,2,,,
101,Geminiani,"Concerto Grosso op. 3, #2",,3,,,
102,Gershwin/Cerulli,Summertime from Porgy and Bess,string,N,,,
103,Grainger/Dackow,Shepherd's Hey,string,N,,,
104,Graves,Passacaglia and fugue,string,N,,,
105,Gluck,Minuet from Orfeo,string,N,,,
106,Galuppi,Concerto in D for 2 flutes/strings,string,N,,,
107,Grant,The Scarlet Sarafan,string,2,,,
108,Grainger,Irish Ture from County Derry,string,N,,,
109,Grainger/Dackow,Mock Morris ,string,4,,,
110,Grainger/Alshin,Shepherd's Hey,string,3,,,
111,Grier,A Skeleton in the Closet,string,N,Halloween,,
112,Grieg,Holberg suite,String,5,,,
113,Grieg/Frost,Hall of the mountain king,String,4,,,
114,Handel,Converto Grosso op 6 n.1,,N,,,
115,Handel/Fishburn,"Concerto #24, 2 violins and strings",string,N,,,
116,Handel/Douglas,Finale from the water Music,winds,N,,,
117,Handel,water music suite,,2 or 3,,,
118,Handel,2 minuets from royal fireworks,strings,N,,,
119,Hanson,Rythmic variations on two ancient hymns,string,5,,,
120,Hare,three tunes from shakespeare's England,string,N,,,
121,Hart,Masters in this hall - carol,string,N,,,
122,Haydn/Dackow,Syphony #38 in C,string,N,,,
123,Haydn,minuet,string,2 or 3,depends on arrangement,,
124,Heinechen,Sinfonia in D,string,3,,,
125,Hellem,Three spanish xmas carols,,N,,,
126,Hindemith,Five pieces for string orch,string,N,,,
127,Hofeldt,Sunward Overture,string,3,,,
128,Holst,Brook green suite,,4,play mvts 1 & 2 or mvt 3,,
129,Holst,A moorside suite,string,4 or 5,,,
130,Holst,St. Paul's suite,string,5,Performed UIL 2011 & 2015,,
131,Holst,St. Paul's suite,,5,,,
132,"Hovhaness, A",Alleluia and Fugue,string,5,play all,,
133,"Hovhaness, A",Psalm and fugue op 40a,string,5,,,
134,"Ireland, John",A downland suite,string,5,,,
135,"Huws-Jones, E",Battles and Brawls,string and percussion,N,,,
136,"isaac, M.",early american suite,string,N,,,
137,Israel,dorian variations,string,2,,,
138,"Jacob, Gorden",overture for strings,string,1 or 5,"1 for quintet, 5 for orchestra",,
139,"John, Elton/Custer",The Lion King,string,nonUIL,,,
140,"Jirovec, V","Symphony No.12, 1st Movement",string orchestra,N,,,
141,"Kerr, Robert",Irish Aire and Jig,string orchestra,N,,,
142,"Kirk, Theron",Hemis Dance,string orchestra percussion,N,,,
143,"Kreisler, Fritz",f,"solo violin, string orchestra",1,,,
144,"Kreisler von, Alexander",Intermezzo/L'Arlesienne,string orchestra,N,,,
145,"Kreisler von, Alexander",Ballade,string orchestra,N,,,
146,"Kerr, Robert",Fantasy on Amazing Grace,string orchestra,4,,,
147,"Kirk, Theron",Latham Suite,string orchestra,4,play finale,,
148,"England, Rick",Variations on an Eng. Pastoral  Theme,string orchestra,N,,,
149,Corelli,"Concerto Grosso Op. 6 No. 8 ""Christmas Concerto""",S,N,,,
150,"Lehmeier, J.F.",Spanish Dance,string orchestra,N,,,
151,Leyden,Serenade for String Orchestra,S,3,Performed UIL 2011,N,No score
152,Marsh,A Modal Festival,S/Piano/Perc,N,,Y,
153,McLeod,Galop,S/Piano,N,,Y,
154,Rusticana,Mascagni Intermezzo,S or F,N,,Y,
155,McLeod,Fiddle Fiddle Fiddle,String Orchestra,N,,Y,
156,MacDermot,String Jig,string orchestra,N,,Y,
157,McQuilkin,An English Folksong,string,2,,Y,
158,Mendelssohn,Praeludium,string orchestra,N,,Y,
159,Mendelssohn,Canzonetta,string orchestra,N,,Y,
160,Mendelssohn,An Italian Elegy,string orchestra,N,,Y,
161,Mozart,Divertimento in C Major,string orchestra,5,mvts 1 or mvts 2& 3,,
162,Mozart,"BalletMusic to ""Les Petits Riens""",string orchestra,3,,Y,
163,Mozart,Sinfonietta in D Major,string,4,Boing,Y,
164,Mozart/Dackow,Symphony No.10 in G Major,strings,N,,Y,
165,Mozart/Dackow,Symphony No. 39/Menuetto,string orchestra,N,,Y,
166,Mozart,"Symphony No. 16 in C Major, K.128",string,N,,Y,
166,Mozart,Sympnony No. 1 in Eb Major,Full,0,Score Only,,
167,Mozart/Dacow,Symphony No. 15 in G major: Finale,string,3,,,
168,Mozart,Concerto in C,"piano, chamber orchestra",N,Score only,,
169,Mozart,March of the Priests from The Magic Flute,string,N,,,
170,Mosier,Overture to the Wind,string orchestra,5,,,
171,Mussorgsky,Pictures at an Exhibition,"string orchestra, saxophone, piano",4,,,
172,Nelhybel,Danza,string orchestra,3,,,
173,Niehaus,Hillcrest Overture,strings,3,,,
174,Niehaus,Fanflairs,string orchestra,N,,,
175,O'Donnell/Savatori,Themes from Halo 3/ Luck & Finish the Fight,string/synthesizer,N,,,
176,O'Fallon,Legend,string,3,,,
177,Olah,Appalachian Lament,string,N,,,
178,Pachelbel,Canon for Strings,strings,N,,,
179,Persichetti,Introit for Strings,string,5,Score only,,
180,Prokofiev,Suite for Strings,string orchestra,3,,,
181,Purcell,Chacony in G Minor,string,4,,,
182,Pierne,Serenade for Strings,,N,,,
183,Puccini,Chrisanthemum,string,N,,,
184,Purcell,Voluntary and March,string/trumpet,N,,,
185,Purcell,Sonata No. 9/ Golden Sonata,string orchestra,5,No Score - missing 2nd vln,,
186,Rachmaninov,Russian Polka,strings,N,,,
187,Rameau,Castor et Pollux Overture,string,N,,,
188,"Rachmaninov, Sergey",Romanze and Scherzo,string orchestra,non IUL,,,
189,"Rachmaninov, Sergey",Eighteenth Variation,string/piano,N,,,
190,"Ravel, Maurice",The Enchanted Garden from Mother Goose Suite,string orchestra,3.5,,,
191,"Ravel, Maurice",Pavane,string orchestra,4+,,,
192,"Richardson, Darrell",Elegy,string,N,,,
193,"Rawsthrone, Alan",Light Music for Strings/ Catalan Tunes,string orchestra,4,,,
194,Rimsky-Korsakoff,Capriccio Espagnol,string orchestra,3 or 4,,,
195,"Rhoads, William",Les Folies D'Espangne,string,N,,,
196,"Ree, Alfred",Titania's Nocturne,string orchestra,N,,,
197,"Reger, Max",Christmas Op. 145 No. 3,string orchestra,N,,,
198,Rimsky-Korsakoff,The Young Prince & Princess,string orchestra,3,,,
199,Rossini/McLeod,William Tell Overture,string,N,Good,,
200,Rossini/Wright,Sonata No. 1,string orchestra,5,play mvt 1 or 3,,
201,Schubert/Clebanoff,Sonata No. 1 Opus 137,string,N,,,
202,"Schubert, Franz",Overture uin C Minor,string,N,,,
203,"Sharp, Tom","Still, Still, Still",string,N,,,
204,Rimsky-Korsakoff,Dance of the Tumblers,string orchestra,2,,,
205,Schubert/Frost,Schubert Dance Suite,string orchestra,2,Play Mvt. 1 or 3,,
206,"Siennicki, Edmund",Chorale and Fugue,string orchestra,N,,,
207,"Siennicki, Edmund",Stringin' the Blues,string orchestra,N,,,
208,Smetana/Frost,Themes From the Moldau,string orchestra,2.5-3,,,
209,"Sontag, Wesley",Folk Song Set,string orchestra,N,,,
210,"Shapiro, Marsha",Folk Songs of the British Isles,string orchestra,1,Sightreading,,
211,"Sheinberg, Art",Festival March,string orchestra,N,Sightreading,,
212,"Shaffer, David",Westminster Prelude and Fugue,string,2,,,
213,Satie/Klotman,Gymnopedies,"string orchestra, harp, piano",3,Need piano part,,
214,"Smith, Robert",Variant on an Old English Carol,string orchestra,N,,,
215,Sousa/Zinn,The Washington Post,string orchestra,N,,,
216,Doug,Gargoyles,String,N,,,
217,Stamitz,"Symphony, Op 4, No. 2 ""Christmas Symphony (Pastorelle for string only)",string,N,,,
218,Stephan,When Johnny Comes Marching Home,string,3,,,
219,Stephan,Vanguard Overature,,N,,,
220,Richard Stephan,Fantasia on a 17th centry Tune (Picardy),,4,,,
221,M. Shapiro,Variations on a Ground,string,1,,,
222,Stephan,Variations on a Well-Known Sea Chantey,string,3,,,
223,"Strauss, J",Pizzicato Polka,string,N,,,
224,"Strauss, J",Pizzicato Polka,string,N,,,
225,Tartini/Mosier,Sonata in D Major,,3 or 4,"4 play all, 3 mvt 1",,
226,Tchaikovsky,"Chanson Triste Op 40, #2",string,N,,,
227,Tchaikovsky,Largo + Allegro,flute & strings,N,,,
228,Sally Kirk,Wonder of Life,String,N,Piano/Harp + Drumset,,
229,Tchaikovsky,Sleeping Beauty Waltz,strings,N,,,
230,Tchaikovsky,Children's Album,strings,N,,,
231,Tchaikovsky,Jewel Dances from Sleeping Beauty,string + percussion,N,,,
232,Tchaikovsky,Serenade for Strings in C Major,strings,N,"2 Folders w/ scores, originals",,
233,Tchaikovsky,Sleeping Beauty Waltz,string,N,,,
234,Tchaikovsky,Pantomine,string,N,,,
235,Tchaikovsky,Suite from the Nutcracker,strings,N,,,
236,Tchaikovsky,Three Dances from the Nutcracker,strings,N,,,
237,Tchaikovsky,Pantomine from Nutcracker,strings,N,,,
238,Tchaikovsky,Mother Ginger from Nutcracker,Strings,N,,,
239,Tchaikovsky,Trepak/Nutcracker,string,2,,,
240,Vivaldi,Concerto for Violin in A Minor ep. 3,String,N,,,
241,Telemann,Die Wassermusik cov. In C,string/flute/bass,N,,,
242,Telemann,Concerto in D (mvmt I),string,5,play 3 movements,,
243,Telemann,Concerto Polonois,string,4,play movement 1 and 2 or 2 and 3,,
244,Telemann,Vivace - Concerto in G for 4 violins,string,N,,,
245,Traditional Folk,Devil's Dream,string,N,,,
246,Urmatsu,Waltz for the Moon from Final Fantasy,string quartet/orch,N,,,
247,Vaughan Williams,Concerto Grosso,expanded string,5,play 2 mvts,,
248,Vaughan Williams,Fantasia on a Theme by Thomas Tallis,strings (double orch),5,,,
249,Vaughan Williams,"Five Variants of ""Dives and Lazarus""",string +harp,5,,,
250,Villa-lobos,"Bachianas Brasileiras No. 5 ""aria""",strings,5,,,
251,Vitali/Respigki,Ciaconna,String/organ/solo violin,N,,,
252,Vivaldi,Sonata Da Camera in E Minor,string orch,3 or 4,play 1 mvmt grade 3) or 2 (grade 4),,
253,Vivaldi,Concerto for 4 Violins + Orch in B Minor,string,N,,,
254,Vivaldi/Damrosch/Kniese,Concerto for 4 Violins in B Minor,string,N,,,
255,Vivaldi,Gloria ,orch + chorus,3?,,,
256,Vivaldi,Concerto in G Minor for 2 cellos + strings,string,N,,,
257,Vivaldi,Concerto in D Minor Op No 11,,4,,,
258,Vivaldi,L'Estoro Armonies Op 3 #10,,N,,,
259,Vivaldi,"""Spring"" from the Seasons",string,3,,,
260,Vivaldi,"""Autumn"" from the Seasons",string,3,,,
261,Vivaldi,"""Summer"" from the Seasons",string,N,,,
262,Vivaldi,The Four Seasons,string,N,,,
263,Vivaldi,Concerto in D from the Guitar Concerto,string,N,,,
264,Vivaldi,Concerto for 4 Violins in B minor,string,N,,,
265,Vivaldi,Autumn,string,3,,,
266,Vivaldi/Wright,Concerto in D for 2 Violins,string,4,,,
267,Vivaldi/Hyws Jones,"Scenes from ""The Four Seasons""",string,non IUL,,,
268,"Warlock, Peter",6 Italian Dances (of the Renaissance),String,N,,,
269,"Warlock, Peter",Serenade for Strings,String,N,,,
270,"Wagner, Douglas",A Quiet Music,String,3,Performed UIL 2012 and Carnegie Hall,,
271,Wagner/Arr. Dackow,Entrance and March from Tannhauser,String,4,Performed UIL 2012,,
272,"Warlock, Peter",Capriol Suite,String,4,Performed UIL 2011,,
273,"Washburn, Robert",Suite for Strings,String,3 - play 2 mvts,,,
274,Williams/Custer,Theme from Schindler's List,String,N,,,
275,"Williams, Mark",Dorian Variations,String,2,,,
276,"Whear, Paul",Preludio,String,4,,,
277,Wieloszynski,Beginning Bluegrass,String,N,,,
278,Williams/Higgins,Theme from Schindler's List,String,N,,,
279,"Wolf-Ferrari, E",Serenade for Strings,String,5,(Mvmt 4 only for UIL,,
280,Zinn,String Quartet Fiddle Tunes - Six Bluegrass Hits,String,N,,,
281,Vivaldi,Concertino in d for 2 Violins and Cello,String,N,,,
282,"Whear, Paul",Concertino for Strings,String,N,,,
283,Anderson,Sandpaper Ballet,S,N,,,
284,Korean Folk Song/ Arr. Bauerschmidt,Arirang,Full Orchestra,N,,,
285,Bach/Roberts,Joy of Man's Desiring,F,4,,,
286,"Bach, JC",Sinfonia in B Flat,F,N,,,
287,Bach,Fugue in G minor (the Little) Wind Arrangement,F,5,,,
288,Bach/Cailliet,Sheep May Safely Graze,F,5,,,
289,Bach/Isaac,Brandenburg Sinfonia,F,N,,,
290,Bach/Ormandy,Wachet Auf!,S,N,5 for full orchestra,,
291,Samuel Barber,Under the Willow Tree,Full Orchestra,N,,,
292,Bartok,Rumanian Folk Dances,S,4 or 5,"3 mvts, all mvts",,
293,Bartok/Serly,Bartok Suite,F,"1, 2 or 3",No Score,,
294,Beethoven/Woodhouse,Finale Symphony #5,F,3,,,
295,Beethoven,Symphony #5 in C minor,S,N,,,
296,Beethoven,Egmont Overture,S,N,,,
297,Beethoven,5th Symphony,S,3 - finale,,,
298,Beethoven,Symphony #7,S,N,,,
299,Bergsma,Paul Bunyan Suite,F,N,,,
300,Berlioz/Leidig,March to the Scaffold,F,3 or 4,,,
301,Hector Berlioz,Marche Hongroise,Full Orchestra,N,,,
302,Bizet,Carmen Suite #1,F,3 or 5,,,
303,Bizet,Carmen Suite #1,F,3 or 5,Scores Only,,
304,Bizet,Carmen Suite #1,F,3 or 5,Incl. Soprano Sax,,
305,Bizet,Carmen Suite #1,F,3 or 5,Original Parts,,
306,Boccherini,"Symphony in D, op. 16, #2",S/Oboe/Horns,5,play all,,
307,Borodin,Dances From Prince Igor,F,N,,,
308,Brahms,Academic Festival Overture,F,5,,,
309,Britten,Simple Symphony,S,5,Play 1 mvt.,,
310,Britten/Stone,Five Courtly Dances From Gloria,F,N,,,
311,Britten,Matinees Musicales,,5,Play 1,,
312,Bullock,Variants,F,N,VERY incomplete parts,,
313,R. K. Clark,"Overture, Prayer, & Dance",Full Orchestra,N,,,
314,Copland,Outdoor Overture,F,4,,,
315,Copland,"Waltz, From Billy the Kid",F,N,,,
316,Copland,Down a Country Lane,F,N,,,
317,Copland,John Henry,F,4,,,
318,Couperin/Milhaud,"Overture & Allegro from ""La Sultane"" Suite",F,5,,,
319,Paul Creston,Night in Mexico,Full Orchestra,5,,,
320,M. L. Daniels,Hunter's Song & Jig,Full Orchestra,N,,,
321,Del Borgo,Chant and Joyous Dance,F,3,,,
322,Del Borgo,Australian Suite,F,N,,,
323,Frederick Delius,The Walk to the Paradise Garden,Full Orchestra,N,,,
324,Frederick Delius,Summer Evening,Full Orchestra,N,,,
325,L. Delibes,March and Procession of Bacchus,string,N,,,
326,Dvorak,Symphony #4,Wind & String Parts,N,,,
327,Dvorak/Leidig,"Dvorak's 9th Symphony ""New World"" op 95 Mvt I ",Full Orchestra,N,,,
328,Oscar Fox/Goltz,My Heart is a Silent Violin,Full Orchestra,N,,,
329,C. Franck,Symphony in D Minor,F,5,Play 1,,
330,G. Frescobaldi,Toccata,Full Orchestra,5,,,
331,Gershwin,I Got Rhythm Variations,piano  orchestra,N,,,
332,Gershwin,George Gershwin in Concert,Full Orchestra,N,,,
333,V. Giannini,Symphony #2,Full Orchestra,N,,,
334,Reinhold Glière,"Russian Sailor's Dance from ""The Red Poppy""",string,N,,,
335,M. I. Glinka ,Russlan and Ludmilla Overture,Full Orchestra,5,,,
336,M. I. Glinka ,Russlan and Ludmilla Overture,Full Orchestra,5,Scores,,
337,C. W. von Gluck,Air de Ballet,F,1,,,
338,C. W. von Gluck,Overture to the Ballet Don Juan,S,N,,,
339,C. W. von Gluck,Iphigenia in Aulis,S,3,3 - full orchestra,,
340,Morton Gould,Guaracha,string,5,5 - full orchestra,,
341,Gounod/Walter,"Waltz from ""Faust""",Full Orchestra,N,,,
342,Percy Grainger,Irish Tune from Country Derry,Full Orchestra,non IUL,,,
343,J. G. Groun/Barnes,Frederick the Great Overture,Full Orchestra,4,,,
344,Grieg/Wilson,Heart Wounds,Full Orchestra,5,play all,,
345,Grieg/Stone,Two Lyric Pieces,Full,3,,,
346,Grofe,Grand Canyon Suite,String,5,Score,,
347,Grofe,Grand Canyon Suite,String,5,Parts,,
348,Handel/Gordon,Firework Music,Full Orchestra,1,,,
349,Handel/Johnson,Music for the Royal Fireworks Overture,Full Orchestra,5,,,
350,Handel/Ormandy,Concerto in D (Fireworks Overture),Full Orchestra,N,,,
351,G. F. Handel,The Faithful Shepherd,Full Orchestra,4 or 5,,,
352,Handel/Kinder,Prelude & Fugue in D Minor,Full Orchestra,N,,,
353,Handel,Concerto for Orchestra in D Major,Full Orchestra,4,Kealing,,
354,Haydn,Symphony #104,Full Orchestra,N,,,
355,Haydn/Popper,Cello Concerto in C,Full Orchestra,N,,,
356,L. J. F. Herold,Zampa Overtures,Full Orchestra,N,,,
357,Q. Hillard,Chorales,string or Full Orchestra,N,Beg-Int.,,
358,Hofeldt,Song of the Prairy,Full Orchestra,4,,,
359,Holst,"Jupiter, from ""The Planets""",string,1,Scores & string parts,,
360,Holst,"Jupiter, from ""The Planets""",Full Orchestra,1,,,
361,Holst/Leidig,"""Jupiter - Bringer of Jollity"" from ""The Planets""",Full Orchestra,1,,,
362,Holst,Planets,string,1,mini scores,,
363,Michael M. Horvit,Toccatina,Full Orchestra,4,,,
364,Ippolitov-Ilanov/Isaac,Procession of the Sardar,Full,4,,,
365,M. Issac,Cavalier Overture,Full Orchestra,N,,,
366,M. Issac,Cavalier Overture,Full Orchestra,N,,,
367,M. Issac,Overture Russe,Full Orchestra,2,,,
368,Kabalevsky,Colas Breugnon Overture,Full Orchestra,5,No score,,
369,Kabalevsky,The Comedians,Full Orchestra,5,"1 of 3 Scores, winds brass, perc",,
370,Kabalevsky,The Comedians,Full Orchestra,5,2 of 3 Violins (7-7),,
371,Kabalevsky,The Comedians,Full Orchestra,5,"3 of 3 Violias, Cello, Bass",,
372,"Johnson, Robert G",Cortege,Full Orchestra,N,,,
373,"Leckrone, Michael",Harlequinette,Full Orchestra,N,,,
374,Lehmeieir,Spanish Dance,strings & percussion,N,,,
375,Matesky,Choreo Primo,Full Orchestra,4 or 5,,,
376,Matesky,Variations on Famous Theme by Paganini,Full Orchestra,N,,,
377,Mendelssohn,Fingals Cave,Full Orchestra,N,,,
378,Mendelssohn/Leidig,Reformation Symphony (Mvt. IV),Full Orchestra,1,,,
379,Mendelssohn,Symphony #4,string parts,N,,,
380,Mendelssohn,Symphony #4,wind parts,N,Scores,,
381,Montgomery/Smith,Angels from the Realms of Glory,Full Orchestra,N,,,
382,Moussorgsky/Sopkin,A Night on Bald Mountain,Full Orchestra,5,,,
383,Moussorgsky/Simpson,Pictures at an Exhibition - Part I,Full Orchestra,N,,,
384,Moussorgsky/Simpson,Pictures at an Exhibition - Part II,Full Orchestra,N,,,
385,Moussorgsky,The Great Gate of Kiev,Full Orchestra,4,Easy,,
386,Muczynski,Dovetail Overture,Full Orchestra,5,,,
387,Mlynarski,Mazurka,Full Orchestra,4,,,
388,Nelson,Jubilee,Full Orchestra,5,Copied Parts,,
389,"Rodrigo, J",Concertino,String,N,Violin and String Orch,,
390,Ruhn,16th & 17th Century Dance Tunes & Airs,String Orchestra,N,,,
391,Bowen,Eight Masterworks/LeCloir/Teleman/Moffat/Tartini/Gluck/Mozart/Haydn/Francoeur,S,N,Quartet/Octet/String Orch,,
392,Gounded/McLeod,Funeral March of A Marionette,String,N,,,
393,Bach,Overture in Eight Parts (op. 3 Sinfonias),S,N,"No Cello/Bass Parts, Scores",,
394,Stamitz/Greem,Sinfonia in D,String Orchestra,3,play mvt 1,,
395,Richard Lane,Passacaglia,String Orchestra,3,,,
396,C. Norton,Airs & Graces,S,N,,,
397,Lawrenie Weiner,Elegy,String Orchestra,5,,,
398,G. Verdi,Symphony for Strings,String,N,,,
399,Bach/Issac,Brandenburg #3,S,3,Mvt 1 & 2,,
400,Mozart/Winter,Lucio Silla Overture,Full,N,,,
401,Mozart/Gordon,Menuetto from Symph No. 25 in g minor,Full,N,,,
402,Mozart/Winter,Magic Flute Overture,Full,N,,,
403,Mozart,Concerto No. 3 in G major,Full,0,parts only,,
404,Mozart/Gordon,Ceremonial March,full or string,N,,,
405,Mozart/Forbes,Mozart in Miniature,String,N,,,
406,Mozart/Moses,Symphony no. 40 in g minor,Full,4,"(Shawnee, 10 Masterworks)",,
407,Mozart,Divertimento No. 17,Full,N,Strings and Horns,,
408,Offenbach/Wersen,Orpheus in the Underworld Overture,Full,5,,,
409,"Ovanin, Nikola",Hatikvah,Full,3,,,
410,Pachelbel/Gordon,Pachelbel's Canon,Full,N,,,
411,"Presser, William",Arctic Night,Full,2,,,
412,Prokofiev,Lieutenant Kije,Full,5,Copied Parts,,
413,Offenbach/Schone,Can-Can,Full,1,,,
414,"Power, H",The Home-Owner's Guide to Making Music,Full,N,,,
415,Prokofiev/Siennicki,Montagues and Capulets from Romeo and Juliet,Full,5,Loaned to Akins,,
416,Prokofiev/Isaac,The Wedding of Lt. Kije,Full,4,,,
417,Prokofiev/Isaac,Troika,Full,4,,,
418,Purcell/Barbirelli,Chaconne in g minor,Full,N,,,
419,"Ravel, Maurice",Pavane,Full,5,,,
420,Respighi,Ancient Ayres and Dances,Full,5,Three Scores only,,
421,Rimsky-Korsakoff/Isaac,Procession of the Nobles,Full,5,Scores and Copied Parts,,
422,Rimsky-Korsakoff/Isaac,Procession of the Nobles,Full,5,,,
423,"Reed, Alfred",Testament of an American,Full Orch with Chorus,N,Patriotic,,
424,"Rust, F.R.",Peter Schlemihl Overture,Full,N,,,
425,Saint Saens,March Heroique Op. 34,Full,N,Parts,,
426,Saint Saens,March Heroique Op. 34,Full,N,Scores,,
427,Saint Saens,Danse Macabre,Full,N,Winds in Better Key,,
428,"Scarmolin, A",The Tower Prince,Full,N,,,
429,Schubert/Cailliet,Moment Musical,Full,N,,,
430,Schubert/Perry,Five Waltzes,Full,3,,,
431,Schubert/Dasch,Symphony No. 8 in B minor (Unfinished),Full,N,,,
432,Shore,Lord of the Rings,Full,N,,,
433,"
",Festival Overture,Full,N,String Parts,,
434,"
",Festival Overture,Full,N,Copied Parts,,
434,Shostakovich,Festival Overture,Full,N,Wind and Percussion Parts,,
435,Smetana,3 Dances from the Bartered Bride,Full,N,,,
436,Smith/McCashin,Where the Black Hawk Soars,Full,4,,,
437,"Smith, Robert",Rites of Tamburo,Full,N,VERY incomplete parts,,
438,"Sommerlatte, U.",Metropolitan Portrait Rhapsody for Orchestra,Full,N,,,
439,"Strauss, J",Roses from the South,Full,N,,,
440,"Strauss, J",Gypsy Baron Overture,Full,5,,,
441,Strauss/Sopkin,Blue Danube Waltz,Full,5,,,
442,Stravinsky/Isaac,Petrouchka (The Fair),Full,5,,,
443,Stravinsky/Isaac,Berceuse and Finale (Firebird),Full,5,VERY incomplete parts,,
444,Stravinsky,Firebird Suite,Full,3,Wind and Percussion Parts,,
445,Stravinsky,Firebird Suite,Full,3,,,
446,Stravinsky,Firebird Suite,Full,3,"Viola, Cello, Bass Parts",,
447,Stravinsky/Isaac,"Danse Infernale from ""Firebird Suite""",Full,5,,,
448,Swack,Brief Journey,Full,1,,,
449,Telemann/Bauerschmidt,Overture in G Major,Full or String,N,,,
450,Tchaikovsky/Sopkin,Capriccio Italien,Full,5,,,
451,Tchaikovsky/Meyer,March from Symphony No. 2,Full,N,,,
452,Tchaikovsky,1812 Overture,Full,N,,,
453,Tchaikovsky/Carlin,Finale from 1812 Overture,Full,N,,,
454,Tchaikovsky/Roberts,"Symphony No. 6 in B minor, Pathetique, 3rd Mvt.",Full,N,,,
455,"Tull, Fisher",The Final Covenant,Full,N,,,
456,Vaughan Williams/Jacob,English Folk Songs,Full,5,,,
457,Verdi/Reibold,Grand March from Aida,Full,3,"Good Key - Eb, Dotted Rhythms",,
458,Vivaldi/Matesky,Concerto Grosso in D,Full,N,,,
459,Wagner/Siennicki,Die Meistersinger,Full,4,,,
460,Wagner/Moses,Rienzi Overture,Full,5,,,
461,Wagner/Herfurth,March of the Meistersingers,Full,2,,,
462,"Walter, D",Shenandoah,Full,2,,,
463,"Wilder, Alec",Slow Dance for Woodwinds and Strings,Full,N,Intermediate,,
464,"Wagner, Douglas",Slane Impressions on an Irish Tune,Full,N,,,
465,Weinberger,"Polka and Fugue from ""Shwanda""",Full,5,,,
466,Zamecnik,Londonderry Air,Full,N,,,
467,Haydn/Dackow,St. Anthony Chorale,String,1,,,
468,Monday,Three Celtic Carols,String,N,,,
469,Mouret/Leideg,"Rondeau from ""Masterpiece Theatre""",Full,N,No Score,,
470,"Ewing, L",Spring Creek,String,N,Easy,,
471,Strommen,Stone Mt. Stomp,String,N,,,
472,"O'Laughlin, Sean",Hillcrest Impressions,String,N,,,
473,"Meyer, Richard",Night Rider,String,N,"Copies, No Score",,
474,"Ewing, L",Procession,Strings,N,Easy,,
475,Mouret/England,Fanfare and Allegro from Suite de Symphonies No. 1,String/Cembalo,N,,,
476,Caponegro,Bow Regards Parade,S,1,Copied Parts,,
477,Monday,Burgundian Carol,String,N,,,
478,"Nunez, Carold",Little Symphony,String,2,"Copies, No Score",,
479,"Siennicki, Edmund",Cluster of Carols,String,N,,,
480,Newbold,The Haunted Carousel,String,N,,,
481,Tchaikovsky/Hoffman,Scenes from Swan Lake,Strings/Harp,N,,,
482,Vaughn Williams/Longfield,Sea Songs,String,3,,,
483,Handel/Del Borgo,Concerto for String Orch in C major,String,N,,,
484,"Mishell, K",String Fling,String,N,,,
485,Gershwin/Sayer,Summertime from Porgy and Bess,Full,N,,,
486,Telemann/Bauerschmidt,Telemann Suite,String,3,play all,,
487,Boyle,A Suite of English Folk Songs,S,1 or 2,"1, 2 selections",,
488,Ricketts,Satchmo! A Salute to Louis Armstrong,Full,N,,,
489,Handel,"Concerto Grosso, Op. 6 No. 5",Strings/Continuo,N,,,
490,Zimmer/Ricketts,"Pirates of the Caribbean, Dead Man's Chest","String, Piano, Percussion",N,,,
491,Selby/Sheinberg,English Fugue,String,3,,,
492,"Herbert, V",Air De Ballet,String,N,,,
493,Chopin/Balakirev,Mazurka No. 7,S,N,,,
494,Daniel,Hill Country Suite,Solo Violin/S,N,,,
495,Williams/Custer,Summon the Heroes,Full,N,,,
496,Ricketts,Tribute to Richard Rogers,Full,N,Pop,,
497,Foster/Thompson,Light the Fire Within,"Strings and Chorus, and Rock Band?",N,Pop,,
498,Handel/Kerr,Overture to Messiah,String/Harpsichord and Organ,N,,,
499,Haydn/Parrish,"Symphony No. 44 ""Trauer"" 4th Mvt.",String/Horns,4,,,
500,Bernstein/Moss,West Side Story Medley,S,N,Pop,,
501,Menotti/Conly,Shepard's Dance from Amahl and the Night Visitors,String,4,,,
502,Bernstein/Bulla,America from West Side Story,S,N,Pop,,
503,"Weber, C.M.",Waltz for Strings,String,N,,,
504,Shostakovich/Drew,Prelude and Scherzo,String,N,,,
505,Mozart,Divertimento in D. K 136,String,N,,,
506,Disney/Neely,Fantasia 2000,String,N,Pop,,
507,Trad/McGinty,Wexford Carol,String,2,,,
508,"Warshaur, M",Shabbat with King David,String,N,,,
509,Vaughan Williams/Bulla, Song Suite,String,3,,,
510,Caponegro,British Grenadiers,S,N,,,
511,Bizet/Isaac,Farandole from L'Arlesienne Suite No. 2,S,3,,,
512,Vivaldi/Frackenpohl,Allegro in D,String,3,,,
513,Clark,Carol of the Bells/ Greensleeves,S,N,Holiday,,
514,Handel,Concerto Grosso in B flat Major Op. 6 No. 7,String,N,,,
515,Menken/Chase,Beauty and the Beast,String,N,Pop,,
516,Vaughn Williams/Foster,"Prelude, Founded on the Welsh Hymn Tune ""Hyfrydol""",Full or String,N,Copies only,,
517,Vaughn Williams/Foster,Rhosymedre Prelude on a Welsh Hymn Tune,String,N,,,
518,Sibelius,Andante Festivo,String,3,,,
519,Arensky,Variations on a Theme of Tchaikovsky,S,"3, 4, or 5","T&1M, T&2M, all",,
520,Humperdinck/Ryden,Prelude (Evening Prayer) from Hansel and Gretel,String,N,,,
521,Handel/Frost,Hallelujah from Messiah,String,N,Holiday,,
522,Corelli,Concerto Grosso in F major Op. 6 No. 12,S,N,,,
523,Corelli/Brown,Sonata da Camera No. 7 and No. 8,S,3,2 contrasting mvts.,,
524,Corelli/Brown,Sonata da Camera No. 9 and No. 10,S,4,"No vla or cello, 2 contrast. mvts.",,
525,Mendelssohn,Symphony No. 5 The Reformation op. 107,Full,0,String Parts,,
526,Mendelssohn,Symphony No. 5 The Reformation op. 107,Full,0,Scores and Wind Parts,,
527,Mendelssohn,Symphony No. 5 The Reformation op. 107,Full,0,Copied Parts,,
528,Tchaikovsky/Higgins,"Triumphant March (Based on Tchaikovsky's 6th Symphony, 3rd Mvt.)",Full,3,,,
529,Elgar,Serenade for String Orchestra,String,5,,,
530,Mussorgsky/Isaac,Hopak,String,3,,,
531,Bergsma,"Dances from a New England Album, 1856",F,4,,,
532,Prokofiev,Lieutenant Kije op. 6,Full,5,String Parts,,
533,Prokofiev,Lieutenant Kije op. 6,Full,5,Wind Parts and Score,,
534,Berlioz,"Hungarian March (Radesky March) from ""The Damnation of Faust"" Op. 24",F,5,,,
535,"Nunez, Carold",M to the Third Power,String,3,,,
536,Mouret/Leideg,"Rondeau from ""Masterpiece Theatre""",String,N,,,
537,Gershwin,Lullaby,String,4,,,
538,Respighi/Alshin,Antique Dances and Airs,String,3,,,
539,Saint Saens/Isaac,March Militaire Francaise,Full,4,Missing original 4th F Horn,,
540,Grieg,Peer Gynt Suite No. 1 op. 46,Full,5,,,
540,Grieg,Peer Gynt Suite No. 1 op. 46,Full,5,Scores,,
541,Hovhannes,Armenian Rhapsody No. 3 op. 189,String,5,,,
542,Adler,Four Early American Folk Tunes,S,N,"See new edition ""Five Early American Folk Tunes",,
543,Borodin,"Polovtsain Dances from ""Prince Igor""",F,5,Parts and 1 score,,
544,Borodin,"Polovtsain Dances from ""Prince Igor""",F,5,Scores 2-5,,
545,Borodin,"Polovtsain Dances from ""Prince Igor""",F,5,Upper Strings,,
546,Borodin,"Polovtsain Dances from ""Prince Igor""",F,5,Lower Strings,,
547,"Lady Gaga/Arr. Berezney",I gotta Feeling and Poker Face,String,N,Pop,,
548,Bizet,Carmen Suite No. 2,F,5,Parts Only,,
548,Bizet,Carmen Suite No. 2,F,5,Scores Only,,
549,Saint Saens,Dance Macabre,Full,0,Parts Only,,
549,Saint Saens,Dance Macabre,Full,0,Scores Only,,
550,Soon Hee Newbold,Blue Fire Fiddler,String,N,,,
551,Juan Plaza,Fuga Criolla,,N,,,
552,William Dyson,Ballade,String,N,,,
553,William Hofeldt,Twilight Ceremonial,String,N,,,
554,Mark Williams,Fancy Fiddles,String,N,,,
555,Larry Clark,Out of Winter,String,2,,,
556,"Meyer, Richard",Tangerine Rag,String,N,,,
557,Schumann,Traumerai,String,3,,,
558,"Siennicki, Edmund",Ritual,String,N,,,
559,Bach/Isaac,Concerto in D Major,S,3,,,
560,"Meyer, Richard",Mantras,String,3,,,
561,Atwell,Rhythm Sticks,S,4,,,
562,Corelli,Concerto Grosso op. 6 #4,S,N,,,
563,Puccini/Dackow,O Mio Babbino Caio ,String,N,,,
564,Mahler/Dackow,Symphony No. 1 Mvt. 2,String,3,Copies only,,
565,"Washburn, Robert",Knightsbride Suite,String,N,,,
566,Grieg,Heart Wounds/ The Last Spring,String,5,,,
567,"Sharp, Keith",Shanghai Hornpipe,String,N,Medium difficulty,,
568,Clark,Kinetic Energy,S,2,,,
569,"Meyer, Richard",Terra Nova,String,2,,,
570,Vivaldi,Sinfonias No. 1 and 2,String,5,,,
571,Brahms,"Hungarian Dances, No. 5, No. 6, No. 7",F,5,,,
572,Elgar,Enigma Variations and Pomp and Circumstance Marches,Full,5,Scores Only,,
573,"Piazzolla, Arr. Allen",Le Grand Tango for Viola Solo and String Orchestra,String,N,,,
574,Newbold,Perseus,String,4,,,
575,Clark,Engines of Resistance,F,2,,,
576,"Gassi, Vince",Crusade,String,N,Easy,,
577,Shostakovich arr. Drew,Sinfonia for String Orchestra from Quartet No. 8 Op. 110,String,N,Score only,,
578,"Giebler, Cindy",Elasticity,String,N,Easy,,
579,"Ford, Ralph",Hyperdrive,String,N,Easy,,
580,"Phillips, Joseph",Fantasia on an Original Theme,String,3,,,
581,Prokofiev/Gruselle,Classical Symphony (Finale),String,4,,,
582,Atwell,Kentucky Jam,S,3,,,
583,Mendelssohn,Sinfonia No. 2 in D Major,String,0,,,
584,Vivaldi,Concerto in D Major RV 121,String,0,Scores Only,,
585,Plohman/Phillips,Tam Lyn,String,N,Scores Only,,
586,Gruselle,Goin' to Boston,String,N,,,
587,Telemann/Dowty,Concerto in D Major,String,N,,,
588,"Roumain, Daniel Bernard",Symphony For the Dance Floor,Full,N,Score only,,
589,Berlioz,Symphonie Fantastique - March to the Scaffold,F,5,Parts Only,,
590,"Gazda, Doris",Appalachian Sunrise,String,2,,,
591,"Spata, Doug",Gauntlet,String,3,,,
592,"Phillips, Bob",Toucan Tango,String,N,,,
593,Le Pera/Gardel Arr. Scott,Por Una Cabeza,String,N,Grade 4,,
594,"Silva, Alan Lee",Forest Incantations,String,N,Grade 4,,
595,Frescobaldi/Beeman,Toccata,String,N,Grade 2+,,
596,"Story, Michael",The Tell-Tale Heart,String,N,Grade 2.5,,
597,Handel Arr. Frost,Lascia Ch'io Pianga,String,N,Grade 3,,
598,Bishop,Showdown!,S,N,Grade 4.5,,
599,Bernofsky,Heart of Fire,S,4,,,
600,Trad/Darling,Isma'a (Listen),String,N,Grade 3,,
601,"Finzi, Gerald",Prelude for String Orchestra,String,5,,,
602,Day,Cliffs of Moher,S,N,Grade 2 - Parts only,,
603,"Faure, Gabriel",Sicilienne from Pelleas et Melisande,Full,5,,,
604,Barnes,Yorkshire Ballad,S,3,,,
605,Daniels,Air and Dance,S,3,,,
606,Clark,Air and Caprice,S,2,,,
607,"Turner, Matt",Rocksteady Reggae,String,N,Grade 2.5,,
608,"Siennicki, Edmund",Baroque Fugue,String,1,,,
609,"Monday, Deborah",Crossing Pirates' Cove,String,2,,,
610,"Spata, Doug",Las Mariposas Exoticas,String,N,Grade 2,,
611,"Fritz, Tom",Fiddles on the Fritz,String,N,Grade 2,,
612,"Meyer, Richard",Cellos Ole!,String,N,Grade 2,,
613,"Reinagle, Joseph",Revenge of the Double Bass,String,N,Grade 2,,
614,"Foote, Arthur",Suite in E Major,String,5,UIL 2014,,
615,"Svendsen, Anne ",Butterflies on the Breeze,String,UIL,,,
616,"Hofeldt, William",Nocturne,String,4,,,
617,Suk. Joseph,Serenade for String Orchestra,String,UIL,UIL 2015,,
618,"Sibelius, Jean",Romance in C,String,,,,
619,Clark,Contradanse,S,2,UIL 2015,,
620,"Marquez, Arturo",Danzon N. 2,Full Orchestra,N,UIL 2015,,
621,"Frost, Robert S. ",Illusions,String,5,,,
622,"Gould, Morton",Spirituals for String Orchestra and Harp,Strings and Harp,5,Harp,,
623,Handel,Organ Concerto in B flat,Strings and Harp,N,,,
624,"Moore, Larry",Uptown Funk ,Strings and Percussion,N,Pop,,
625,"Williams, Vaughan",Fantasia on Greensleves,Strings and Harp,4,UIL 2015,,
626,"Longfield, Robert",Salute to Michael Jackson,Strings,N,Pop,,
627,O'Loughlin Sean,Back to the Future,Strings and Percussion,N,,,
628,Mother Falcon,Marigold,,N,,,
629,Silvestri/Moore,Music from the Avengers,pop,N,,,
630,Bullock,The Beatles Suite ,pop,,,,
631,"Monday, Deborah",Conquistador,,N,,,
632,Sienicki,Blue Heron,,,,,
633,"Frost, Robert S.",Sanseneon,String,3,,,
634,"Story, Michael",Shut Up and Dance,pop,,,,
635,Still,Danzas de Panama,String,5,,,
636,Wagner/Dackow,March of the Meistersingers,S,,,,
637,"Niehaus, Lennie ",Crestline Summit,String,3,Sight Reading 2017,,
638,"Porter, Greg A. ","Bacchanale from ""Samson and Deliah""",String,N,,,
639,"Kazik, James ",Star Wars,Strings and Percussion,,,,
640,"Newbold, Soon Hee ",Fire Dance,String,N,,,
641,"Saint-Saens, Camille",Prelude,String,,,,
642,Balmages,Spartacus,S,N,,,
643,Meyer,Acrobats,String,5,,,
644,Clark,Quintus,S,2,,,
645,Mosier,The Dance of Iscariot,String,3,,,
646,Moore,,String,Pop,,,
647,Parry,Suite in F (Lady Radnor's Suite),String,5,,,
648,"Newbold, Soon Hee ",The Odyssey,String ,N,,,
649,Mendelssohn,Sinfonia X,String,0,,,
650,"Verdi, Giuseppe","Overture, La Forza del Destino",Full,0,Score Only,,
651,"Diamond, David",Rounds for String Orchestra,String,5,,,
652,Barber,"Overture to ""The School of Scandal""",F,,Score Only,,
653,"Jackson, S. A",Syncopation Jubilation,String,,Student Composition,,
654,"Dickson, Richard",Season's Greetings,String with Piano,N,No piano part,,
655,"Sieving, Robert",Dos Fuegos ,String,,Score ,,
656,Rutter,Suite for Strings,String Orchestra,,Everything ,,
657,Moore,A Charlie Brown Christmas,String Orchestra,N,,,
658,Moore,Polar Express Medley,String Orchestra,N,,,
659,Meyer,Geometric Dances,String Orchestra,3,,,
660,Whitacre/ Lavender,October,Strings and Percussion,UIL 4 (poss.),,,
661,Silva,Sunburst,S,1.5,,,
662,Chabrier,Espana,F,5,Copies only,,
663,Bernstein,Overture to Candide,F,5,Played FO 2016-17,,
664,Chadwick,Serenade for String Orchestra in F Major,S,5,Play 1 mvt.,,
665,Handel/Hoffmann,Twelve Sinfonias,S,4,,,
666,Wiren,Serenade for String Orchestra Opus 11,S,none,,,
667,Janacek,Suite for String Orchestra ,S,none,,,
668,Teleman,Little Suite in D,S,3,,,
669,Corelli,Concerto Grosso in C Minor Op. 6 No. 3,S,N,,,
670,Handel/Clark,Overture to Rodelinda,S,,,,
671,Meyer ,Spring Breezes,S,3,,,
672,Corelli,Concerto 3,S,N,,,
673,Bridge,Suite for String Orchestra ,S,4 or 5,"Mvt. 2 or 3 (Kalmus), Mvt. 1 or 4 (Luck's)",,
674,Sibelius,Valse Tristes Op. 44 No. 1,S,N,,,
675,Nielsen,Little Suite  ,S,N,,,
676,Mozart,Alla Turca,S,N,,,
677,Hurwitz/Oroshiba,Another Day of Sun,"S, Pr, Vo",N,,,
678,Shostakovich,Symphony #5,F,,,,
679,Jackson,Sarah Jackson Music,S,,,,
680,Balmages,Afterburn,S,2.5,,,
681,Dvorak,"Serenade for Strings, Op. 22, First Movement",S,4.5,,,
682,Balmages,Hunting the Wild Beast,"S, Pr",2.5,,,
683,Liszt,Cossack March ,F,4,,,
684,Brahms,Academic Festival Overture,F,4,,,
685,Menken,A Whole New World,S,N,,,
686,Menken,Evermore,"S, Pr",N,,,
691,Webber,Music of the Night,,,,,
692,Mendelssohn,Sinfonia 3 in E minor,,,,,
693,Mercury/Longfield,Bohemian Rhapsody,,,,,
694,Hart and Boyce,Last Train to Clarksville ,,,,,
695,Djawadi,Game of Thrones,,,,,
696,Giacchino,Rogue One: A Star Wars Story,,,,,
697,James Kazik,Sing,,,,,
698,Menken and Rice,How does a Moment Last Forever,,,,,
699,Moore,Highlights from Moana,"S, Pi, Pr",N,,,
700,Khachaturian/Longfield,"Adagio (Theme from ""Spartacus"")",,,,,
701,Mendelssohn,Sinfonia 1in C,,,,,
702,Tchaikovsky,"Souvenir de Florence, Op. 70",S,,Scored for sextet,,
703,Dacrow,O Mio Babbino Caro ,Full,,,,
704,Rautaavara,Divertimento for String Orchestra,String,,,,
705,Newbold,Mythos ,S,,,,
706,Meyer,The Emerald Falcon,S,,,,
707,Balmages,Ice Sculptures,S,,,,
708,Silva,The Highwire,S,,,,
709,Del Borgo,Danse Infernale,S,,,,
710,Woolstenhulme ,Such Sweet Sorrow ,S,3,,,
711,Carse,The Winton Suite,S,,,,
712,Silva,The Code,S,,,,
713,Spata,Across the Wind,S,,,,
714,Zuehlsdorff,Labyrinth,S,3,,,
715,Daniel,Avocado Orchard,Full,,,,
